--
-- PostgreSQL database dump
--

\restrict relIS5OVuC5yLoJbvdJI8vKM6WriCM8hK4Yq7PdBItNkBGZAUflEwP55cHTa5DQ

-- Dumped from database version 15.15 (Debian 15.15-1.pgdg13+1)
-- Dumped by pg_dump version 15.15 (Debian 15.15-1.pgdg13+1)

SET statement_timeout = 0;
SET lock_timeout = 0;
SET idle_in_transaction_session_timeout = 0;
SET client_encoding = 'UTF8';
SET standard_conforming_strings = on;
SELECT pg_catalog.set_config('search_path', '', false);
SET check_function_bodies = false;
SET xmloption = content;
SET client_min_messages = warning;
SET row_security = off;

SET default_tablespace = '';

SET default_table_access_method = heap;

--
-- Name: account_transactions; Type: TABLE; Schema: public; Owner: amt_user
--

CREATE TABLE public.account_transactions (
    id bigint NOT NULL,
    transaction_type character varying(20) NOT NULL,
    amount numeric(12,2) NOT NULL,
    transaction_date date NOT NULL,
    comment text NOT NULL,
    created_at timestamp with time zone NOT NULL,
    account_id bigint NOT NULL,
    created_by_id bigint,
    related_account_id bigint,
    related_expense_id bigint,
    related_payment_id bigint
);


ALTER TABLE public.account_transactions OWNER TO amt_user;

--
-- Name: account_transactions_id_seq; Type: SEQUENCE; Schema: public; Owner: amt_user
--

ALTER TABLE public.account_transactions ALTER COLUMN id ADD GENERATED BY DEFAULT AS IDENTITY (
    SEQUENCE NAME public.account_transactions_id_seq
    START WITH 1
    INCREMENT BY 1
    NO MINVALUE
    NO MAXVALUE
    CACHE 1
);


--
-- Name: accounts; Type: TABLE; Schema: public; Owner: amt_user
--

CREATE TABLE public.accounts (
    id bigint NOT NULL,
    name character varying(255) NOT NULL,
    account_type character varying(20) NOT NULL,
    currency character varying(3) NOT NULL,
    balance numeric(12,2) NOT NULL,
    account_number character varying(100) NOT NULL,
    bank_name character varying(255) NOT NULL,
    is_active boolean NOT NULL,
    comment text NOT NULL,
    created_at timestamp with time zone NOT NULL,
    updated_at timestamp with time zone NOT NULL,
    owner_id bigint
);


ALTER TABLE public.accounts OWNER TO amt_user;

--
-- Name: accounts_id_seq; Type: SEQUENCE; Schema: public; Owner: amt_user
--

ALTER TABLE public.accounts ALTER COLUMN id ADD GENERATED BY DEFAULT AS IDENTITY (
    SEQUENCE NAME public.accounts_id_seq
    START WITH 1
    INCREMENT BY 1
    NO MINVALUE
    NO MAXVALUE
    CACHE 1
);


--
-- Name: accruals; Type: TABLE; Schema: public; Owner: amt_user
--

CREATE TABLE public.accruals (
    id bigint NOT NULL,
    period_start date NOT NULL,
    period_end date NOT NULL,
    due_date date NOT NULL,
    base_amount numeric(12,2) NOT NULL,
    adjustments numeric(12,2) NOT NULL,
    utilities_amount numeric(12,2) NOT NULL,
    final_amount numeric(12,2) NOT NULL,
    paid_amount numeric(12,2) NOT NULL,
    balance numeric(12,2) NOT NULL,
    status character varying(20) NOT NULL,
    comment text NOT NULL,
    created_at timestamp with time zone NOT NULL,
    updated_at timestamp with time zone NOT NULL,
    contract_id bigint NOT NULL,
    utility_type character varying(20) NOT NULL
);


ALTER TABLE public.accruals OWNER TO amt_user;

--
-- Name: accruals_id_seq; Type: SEQUENCE; Schema: public; Owner: amt_user
--

ALTER TABLE public.accruals ALTER COLUMN id ADD GENERATED BY DEFAULT AS IDENTITY (
    SEQUENCE NAME public.accruals_id_seq
    START WITH 1
    INCREMENT BY 1
    NO MINVALUE
    NO MAXVALUE
    CACHE 1
);


--
-- Name: auth_group; Type: TABLE; Schema: public; Owner: amt_user
--

CREATE TABLE public.auth_group (
    id integer NOT NULL,
    name character varying(150) NOT NULL
);


ALTER TABLE public.auth_group OWNER TO amt_user;

--
-- Name: auth_group_id_seq; Type: SEQUENCE; Schema: public; Owner: amt_user
--

ALTER TABLE public.auth_group ALTER COLUMN id ADD GENERATED BY DEFAULT AS IDENTITY (
    SEQUENCE NAME public.auth_group_id_seq
    START WITH 1
    INCREMENT BY 1
    NO MINVALUE
    NO MAXVALUE
    CACHE 1
);


--
-- Name: auth_group_permissions; Type: TABLE; Schema: public; Owner: amt_user
--

CREATE TABLE public.auth_group_permissions (
    id bigint NOT NULL,
    group_id integer NOT NULL,
    permission_id integer NOT NULL
);


ALTER TABLE public.auth_group_permissions OWNER TO amt_user;

--
-- Name: auth_group_permissions_id_seq; Type: SEQUENCE; Schema: public; Owner: amt_user
--

ALTER TABLE public.auth_group_permissions ALTER COLUMN id ADD GENERATED BY DEFAULT AS IDENTITY (
    SEQUENCE NAME public.auth_group_permissions_id_seq
    START WITH 1
    INCREMENT BY 1
    NO MINVALUE
    NO MAXVALUE
    CACHE 1
);


--
-- Name: auth_permission; Type: TABLE; Schema: public; Owner: amt_user
--

CREATE TABLE public.auth_permission (
    id integer NOT NULL,
    name character varying(255) NOT NULL,
    content_type_id integer NOT NULL,
    codename character varying(100) NOT NULL
);


ALTER TABLE public.auth_permission OWNER TO amt_user;

--
-- Name: auth_permission_id_seq; Type: SEQUENCE; Schema: public; Owner: amt_user
--

ALTER TABLE public.auth_permission ALTER COLUMN id ADD GENERATED BY DEFAULT AS IDENTITY (
    SEQUENCE NAME public.auth_permission_id_seq
    START WITH 1
    INCREMENT BY 1
    NO MINVALUE
    NO MAXVALUE
    CACHE 1
);


--
-- Name: contracts; Type: TABLE; Schema: public; Owner: amt_user
--

CREATE TABLE public.contracts (
    id bigint NOT NULL,
    number character varying(50) NOT NULL,
    signed_at date NOT NULL,
    start_date date NOT NULL,
    end_date date NOT NULL,
    rent_amount numeric(12,2) NOT NULL,
    currency character varying(3) NOT NULL,
    due_day integer NOT NULL,
    deposit_enabled boolean NOT NULL,
    deposit_amount numeric(12,2) NOT NULL,
    advance_enabled boolean NOT NULL,
    advance_months integer NOT NULL,
    status character varying(20) NOT NULL,
    comment text NOT NULL,
    created_at timestamp with time zone NOT NULL,
    updated_at timestamp with time zone NOT NULL,
    property_id bigint NOT NULL,
    tenant_id bigint NOT NULL,
    exchange_rate_source character varying(20) NOT NULL,
    landlord_id bigint
);


ALTER TABLE public.contracts OWNER TO amt_user;

--
-- Name: contracts_id_seq; Type: SEQUENCE; Schema: public; Owner: amt_user
--

ALTER TABLE public.contracts ALTER COLUMN id ADD GENERATED BY DEFAULT AS IDENTITY (
    SEQUENCE NAME public.contracts_id_seq
    START WITH 1
    INCREMENT BY 1
    NO MINVALUE
    NO MAXVALUE
    CACHE 1
);


--
-- Name: deposit_movements; Type: TABLE; Schema: public; Owner: amt_user
--

CREATE TABLE public.deposit_movements (
    id bigint NOT NULL,
    movement_type character varying(20) NOT NULL,
    amount numeric(12,2) NOT NULL,
    reason character varying(20) NOT NULL,
    comment text NOT NULL,
    created_at timestamp with time zone NOT NULL,
    deposit_id bigint NOT NULL
);


ALTER TABLE public.deposit_movements OWNER TO amt_user;

--
-- Name: deposit_movements_id_seq; Type: SEQUENCE; Schema: public; Owner: amt_user
--

ALTER TABLE public.deposit_movements ALTER COLUMN id ADD GENERATED BY DEFAULT AS IDENTITY (
    SEQUENCE NAME public.deposit_movements_id_seq
    START WITH 1
    INCREMENT BY 1
    NO MINVALUE
    NO MAXVALUE
    CACHE 1
);


--
-- Name: deposits; Type: TABLE; Schema: public; Owner: amt_user
--

CREATE TABLE public.deposits (
    id bigint NOT NULL,
    amount numeric(12,2) NOT NULL,
    balance numeric(12,2) NOT NULL,
    created_at timestamp with time zone NOT NULL,
    updated_at timestamp with time zone NOT NULL,
    contract_id bigint NOT NULL
);


ALTER TABLE public.deposits OWNER TO amt_user;

--
-- Name: deposits_id_seq; Type: SEQUENCE; Schema: public; Owner: amt_user
--

ALTER TABLE public.deposits ALTER COLUMN id ADD GENERATED BY DEFAULT AS IDENTITY (
    SEQUENCE NAME public.deposits_id_seq
    START WITH 1
    INCREMENT BY 1
    NO MINVALUE
    NO MAXVALUE
    CACHE 1
);


--
-- Name: django_admin_log; Type: TABLE; Schema: public; Owner: amt_user
--

CREATE TABLE public.django_admin_log (
    id integer NOT NULL,
    action_time timestamp with time zone NOT NULL,
    object_id text,
    object_repr character varying(200) NOT NULL,
    action_flag smallint NOT NULL,
    change_message text NOT NULL,
    content_type_id integer,
    user_id bigint NOT NULL,
    CONSTRAINT django_admin_log_action_flag_check CHECK ((action_flag >= 0))
);


ALTER TABLE public.django_admin_log OWNER TO amt_user;

--
-- Name: django_admin_log_id_seq; Type: SEQUENCE; Schema: public; Owner: amt_user
--

ALTER TABLE public.django_admin_log ALTER COLUMN id ADD GENERATED BY DEFAULT AS IDENTITY (
    SEQUENCE NAME public.django_admin_log_id_seq
    START WITH 1
    INCREMENT BY 1
    NO MINVALUE
    NO MAXVALUE
    CACHE 1
);


--
-- Name: django_content_type; Type: TABLE; Schema: public; Owner: amt_user
--

CREATE TABLE public.django_content_type (
    id integer NOT NULL,
    app_label character varying(100) NOT NULL,
    model character varying(100) NOT NULL
);


ALTER TABLE public.django_content_type OWNER TO amt_user;

--
-- Name: django_content_type_id_seq; Type: SEQUENCE; Schema: public; Owner: amt_user
--

ALTER TABLE public.django_content_type ALTER COLUMN id ADD GENERATED BY DEFAULT AS IDENTITY (
    SEQUENCE NAME public.django_content_type_id_seq
    START WITH 1
    INCREMENT BY 1
    NO MINVALUE
    NO MAXVALUE
    CACHE 1
);


--
-- Name: django_migrations; Type: TABLE; Schema: public; Owner: amt_user
--

CREATE TABLE public.django_migrations (
    id bigint NOT NULL,
    app character varying(255) NOT NULL,
    name character varying(255) NOT NULL,
    applied timestamp with time zone NOT NULL
);


ALTER TABLE public.django_migrations OWNER TO amt_user;

--
-- Name: django_migrations_id_seq; Type: SEQUENCE; Schema: public; Owner: amt_user
--

ALTER TABLE public.django_migrations ALTER COLUMN id ADD GENERATED BY DEFAULT AS IDENTITY (
    SEQUENCE NAME public.django_migrations_id_seq
    START WITH 1
    INCREMENT BY 1
    NO MINVALUE
    NO MAXVALUE
    CACHE 1
);


--
-- Name: django_session; Type: TABLE; Schema: public; Owner: amt_user
--

CREATE TABLE public.django_session (
    session_key character varying(40) NOT NULL,
    session_data text NOT NULL,
    expire_date timestamp with time zone NOT NULL
);


ALTER TABLE public.django_session OWNER TO amt_user;

--
-- Name: exchange_rates; Type: TABLE; Schema: public; Owner: amt_user
--

CREATE TABLE public.exchange_rates (
    id bigint NOT NULL,
    currency character varying(3) NOT NULL,
    rate numeric(12,4) NOT NULL,
    source character varying(20) NOT NULL,
    date date NOT NULL,
    created_at timestamp with time zone NOT NULL
);


ALTER TABLE public.exchange_rates OWNER TO amt_user;

--
-- Name: exchange_rates_id_seq; Type: SEQUENCE; Schema: public; Owner: amt_user
--

ALTER TABLE public.exchange_rates ALTER COLUMN id ADD GENERATED BY DEFAULT AS IDENTITY (
    SEQUENCE NAME public.exchange_rates_id_seq
    START WITH 1
    INCREMENT BY 1
    NO MINVALUE
    NO MAXVALUE
    CACHE 1
);


--
-- Name: expenses; Type: TABLE; Schema: public; Owner: amt_user
--

CREATE TABLE public.expenses (
    id bigint NOT NULL,
    date date NOT NULL,
    category character varying(20) NOT NULL,
    utility_tag character varying(20) NOT NULL,
    amount numeric(12,2) NOT NULL,
    recipient character varying(255) NOT NULL,
    comment text NOT NULL,
    created_at timestamp with time zone NOT NULL,
    updated_at timestamp with time zone NOT NULL,
    contract_id bigint,
    property_id bigint
);


ALTER TABLE public.expenses OWNER TO amt_user;

--
-- Name: expenses_id_seq; Type: SEQUENCE; Schema: public; Owner: amt_user
--

ALTER TABLE public.expenses ALTER COLUMN id ADD GENERATED BY DEFAULT AS IDENTITY (
    SEQUENCE NAME public.expenses_id_seq
    START WITH 1
    INCREMENT BY 1
    NO MINVALUE
    NO MAXVALUE
    CACHE 1
);


--
-- Name: investor_links; Type: TABLE; Schema: public; Owner: amt_user
--

CREATE TABLE public.investor_links (
    id bigint NOT NULL,
    share numeric(5,2) NOT NULL,
    status character varying(20) NOT NULL,
    created_at timestamp with time zone NOT NULL,
    contract_id bigint,
    investor_id bigint NOT NULL,
    property_id bigint
);


ALTER TABLE public.investor_links OWNER TO amt_user;

--
-- Name: investor_links_id_seq; Type: SEQUENCE; Schema: public; Owner: amt_user
--

ALTER TABLE public.investor_links ALTER COLUMN id ADD GENERATED BY DEFAULT AS IDENTITY (
    SEQUENCE NAME public.investor_links_id_seq
    START WITH 1
    INCREMENT BY 1
    NO MINVALUE
    NO MAXVALUE
    CACHE 1
);


--
-- Name: login_attempts; Type: TABLE; Schema: public; Owner: amt_user
--

CREATE TABLE public.login_attempts (
    id uuid NOT NULL,
    attempt_id character varying(64) NOT NULL,
    status character varying(20) NOT NULL,
    failure_reason character varying(30),
    verified_phone character varying(20),
    expected_phone character varying(20),
    metadata jsonb NOT NULL,
    created_at timestamp with time zone NOT NULL,
    expires_at timestamp with time zone NOT NULL,
    updated_at timestamp with time zone NOT NULL,
    user_id bigint,
    otp_code character varying(6)
);


ALTER TABLE public.login_attempts OWNER TO amt_user;

--
-- Name: notification_logs; Type: TABLE; Schema: public; Owner: amt_user
--

CREATE TABLE public.notification_logs (
    id bigint NOT NULL,
    notification_type character varying(10) NOT NULL,
    recipient character varying(255) NOT NULL,
    message text NOT NULL,
    status character varying(10) NOT NULL,
    error_message text NOT NULL,
    sent_at timestamp with time zone NOT NULL,
    accrual_id bigint NOT NULL,
    tenant_id bigint NOT NULL
);


ALTER TABLE public.notification_logs OWNER TO amt_user;

--
-- Name: notification_logs_id_seq; Type: SEQUENCE; Schema: public; Owner: amt_user
--

ALTER TABLE public.notification_logs ALTER COLUMN id ADD GENERATED BY DEFAULT AS IDENTITY (
    SEQUENCE NAME public.notification_logs_id_seq
    START WITH 1
    INCREMENT BY 1
    NO MINVALUE
    NO MAXVALUE
    CACHE 1
);


--
-- Name: notification_settings; Type: TABLE; Schema: public; Owner: amt_user
--

CREATE TABLE public.notification_settings (
    id bigint NOT NULL,
    notification_type character varying(10) NOT NULL,
    days_before integer NOT NULL,
    message_template text NOT NULL,
    is_enabled boolean NOT NULL,
    created_at timestamp with time zone NOT NULL,
    updated_at timestamp with time zone NOT NULL
);


ALTER TABLE public.notification_settings OWNER TO amt_user;

--
-- Name: notification_settings_id_seq; Type: SEQUENCE; Schema: public; Owner: amt_user
--

ALTER TABLE public.notification_settings ALTER COLUMN id ADD GENERATED BY DEFAULT AS IDENTITY (
    SEQUENCE NAME public.notification_settings_id_seq
    START WITH 1
    INCREMENT BY 1
    NO MINVALUE
    NO MAXVALUE
    CACHE 1
);


--
-- Name: payment_allocations; Type: TABLE; Schema: public; Owner: amt_user
--

CREATE TABLE public.payment_allocations (
    id bigint NOT NULL,
    amount numeric(12,2) NOT NULL,
    created_at timestamp with time zone NOT NULL,
    accrual_id bigint NOT NULL,
    payment_id bigint NOT NULL
);


ALTER TABLE public.payment_allocations OWNER TO amt_user;

--
-- Name: payment_allocations_id_seq; Type: SEQUENCE; Schema: public; Owner: amt_user
--

ALTER TABLE public.payment_allocations ALTER COLUMN id ADD GENERATED BY DEFAULT AS IDENTITY (
    SEQUENCE NAME public.payment_allocations_id_seq
    START WITH 1
    INCREMENT BY 1
    NO MINVALUE
    NO MAXVALUE
    CACHE 1
);


--
-- Name: payments; Type: TABLE; Schema: public; Owner: amt_user
--

CREATE TABLE public.payments (
    id bigint NOT NULL,
    amount numeric(12,2) NOT NULL,
    payment_date date NOT NULL,
    comment text NOT NULL,
    allocated_amount numeric(12,2) NOT NULL,
    created_at timestamp with time zone NOT NULL,
    updated_at timestamp with time zone NOT NULL,
    contract_id bigint NOT NULL,
    account_id bigint,
    is_returned boolean NOT NULL
);


ALTER TABLE public.payments OWNER TO amt_user;

--
-- Name: payments_id_seq; Type: SEQUENCE; Schema: public; Owner: amt_user
--

ALTER TABLE public.payments ALTER COLUMN id ADD GENERATED BY DEFAULT AS IDENTITY (
    SEQUENCE NAME public.payments_id_seq
    START WITH 1
    INCREMENT BY 1
    NO MINVALUE
    NO MAXVALUE
    CACHE 1
);


--
-- Name: properties; Type: TABLE; Schema: public; Owner: amt_user
--

CREATE TABLE public.properties (
    id bigint NOT NULL,
    name character varying(255) NOT NULL,
    property_type character varying(20) NOT NULL,
    address character varying(500) NOT NULL,
    area numeric(10,2) NOT NULL,
    status character varying(20) NOT NULL,
    block_floor_room character varying(100) NOT NULL,
    owner character varying(255) NOT NULL,
    comment text NOT NULL,
    created_at timestamp with time zone NOT NULL,
    updated_at timestamp with time zone NOT NULL
);


ALTER TABLE public.properties OWNER TO amt_user;

--
-- Name: properties_id_seq; Type: SEQUENCE; Schema: public; Owner: amt_user
--

ALTER TABLE public.properties ALTER COLUMN id ADD GENERATED BY DEFAULT AS IDENTITY (
    SEQUENCE NAME public.properties_id_seq
    START WITH 1
    INCREMENT BY 1
    NO MINVALUE
    NO MAXVALUE
    CACHE 1
);


--
-- Name: requests; Type: TABLE; Schema: public; Owner: amt_user
--

CREATE TABLE public.requests (
    id bigint NOT NULL,
    created_at timestamp with time zone NOT NULL,
    role character varying(20) NOT NULL,
    type character varying(30) NOT NULL,
    subject character varying(255) NOT NULL,
    message text NOT NULL,
    attachments jsonb NOT NULL,
    status character varying(20) NOT NULL,
    internal_comment text NOT NULL,
    public_reply text NOT NULL,
    updated_at timestamp with time zone NOT NULL,
    assigned_to_id bigint,
    counterparty_id bigint,
    created_by_id bigint NOT NULL,
    related_contract_id bigint,
    related_property_id bigint
);


ALTER TABLE public.requests OWNER TO amt_user;

--
-- Name: requests_id_seq; Type: SEQUENCE; Schema: public; Owner: amt_user
--

ALTER TABLE public.requests ALTER COLUMN id ADD GENERATED BY DEFAULT AS IDENTITY (
    SEQUENCE NAME public.requests_id_seq
    START WITH 1
    INCREMENT BY 1
    NO MINVALUE
    NO MAXVALUE
    CACHE 1
);


--
-- Name: staff_assignments; Type: TABLE; Schema: public; Owner: amt_user
--

CREATE TABLE public.staff_assignments (
    id bigint NOT NULL,
    created_at timestamp with time zone NOT NULL,
    contract_id bigint,
    counterparty_id bigint,
    property_id bigint,
    staff_id bigint NOT NULL
);


ALTER TABLE public.staff_assignments OWNER TO amt_user;

--
-- Name: staff_assignments_id_seq; Type: SEQUENCE; Schema: public; Owner: amt_user
--

ALTER TABLE public.staff_assignments ALTER COLUMN id ADD GENERATED BY DEFAULT AS IDENTITY (
    SEQUENCE NAME public.staff_assignments_id_seq
    START WITH 1
    INCREMENT BY 1
    NO MINVALUE
    NO MAXVALUE
    CACHE 1
);


--
-- Name: tenants; Type: TABLE; Schema: public; Owner: amt_user
--

CREATE TABLE public.tenants (
    id bigint NOT NULL,
    name character varying(255) NOT NULL,
    contact_person character varying(255) NOT NULL,
    email character varying(254) NOT NULL,
    phone character varying(20),
    inn character varying(20) NOT NULL,
    address text NOT NULL,
    comment text NOT NULL,
    created_at timestamp with time zone NOT NULL,
    updated_at timestamp with time zone NOT NULL,
    type character varying(20) NOT NULL
);


ALTER TABLE public.tenants OWNER TO amt_user;

--
-- Name: tenants_id_seq; Type: SEQUENCE; Schema: public; Owner: amt_user
--

ALTER TABLE public.tenants ALTER COLUMN id ADD GENERATED BY DEFAULT AS IDENTITY (
    SEQUENCE NAME public.tenants_id_seq
    START WITH 1
    INCREMENT BY 1
    NO MINVALUE
    NO MAXVALUE
    CACHE 1
);


--
-- Name: users; Type: TABLE; Schema: public; Owner: amt_user
--

CREATE TABLE public.users (
    id bigint NOT NULL,
    password character varying(128) NOT NULL,
    last_login timestamp with time zone,
    is_superuser boolean NOT NULL,
    username character varying(150) NOT NULL,
    first_name character varying(150) NOT NULL,
    last_name character varying(150) NOT NULL,
    email character varying(254) NOT NULL,
    is_staff boolean NOT NULL,
    is_active boolean NOT NULL,
    date_joined timestamp with time zone NOT NULL,
    role character varying(20) NOT NULL,
    phone character varying(20) NOT NULL,
    counterparty_id bigint,
    preferences jsonb NOT NULL
);


ALTER TABLE public.users OWNER TO amt_user;

--
-- Name: users_groups; Type: TABLE; Schema: public; Owner: amt_user
--

CREATE TABLE public.users_groups (
    id bigint NOT NULL,
    user_id bigint NOT NULL,
    group_id integer NOT NULL
);


ALTER TABLE public.users_groups OWNER TO amt_user;

--
-- Name: users_groups_id_seq; Type: SEQUENCE; Schema: public; Owner: amt_user
--

ALTER TABLE public.users_groups ALTER COLUMN id ADD GENERATED BY DEFAULT AS IDENTITY (
    SEQUENCE NAME public.users_groups_id_seq
    START WITH 1
    INCREMENT BY 1
    NO MINVALUE
    NO MAXVALUE
    CACHE 1
);


--
-- Name: users_id_seq; Type: SEQUENCE; Schema: public; Owner: amt_user
--

ALTER TABLE public.users ALTER COLUMN id ADD GENERATED BY DEFAULT AS IDENTITY (
    SEQUENCE NAME public.users_id_seq
    START WITH 1
    INCREMENT BY 1
    NO MINVALUE
    NO MAXVALUE
    CACHE 1
);


--
-- Name: users_user_permissions; Type: TABLE; Schema: public; Owner: amt_user
--

CREATE TABLE public.users_user_permissions (
    id bigint NOT NULL,
    user_id bigint NOT NULL,
    permission_id integer NOT NULL
);


ALTER TABLE public.users_user_permissions OWNER TO amt_user;

--
-- Name: users_user_permissions_id_seq; Type: SEQUENCE; Schema: public; Owner: amt_user
--

ALTER TABLE public.users_user_permissions ALTER COLUMN id ADD GENERATED BY DEFAULT AS IDENTITY (
    SEQUENCE NAME public.users_user_permissions_id_seq
    START WITH 1
    INCREMENT BY 1
    NO MINVALUE
    NO MAXVALUE
    CACHE 1
);


--
-- Data for Name: account_transactions; Type: TABLE DATA; Schema: public; Owner: amt_user
--

COPY public.account_transactions (id, transaction_type, amount, transaction_date, comment, created_at, account_id, created_by_id, related_account_id, related_expense_id, related_payment_id) FROM stdin;
1	income	30000.00	2026-01-20	Поступление по договору AMT-2026-000002. Массовое принятие начисления #89	2026-01-20 10:00:35.73+00	1	\N	\N	\N	7
2	income	30000.00	2026-01-20	Поступление по договору AMT-2026-000002. Массовое принятие начисления #88	2026-01-20 10:00:35.737902+00	1	\N	\N	\N	6
3	income	30000.00	2026-01-20	Поступление по договору AMT-2026-000002. Массовое принятие начисления #87	2026-01-20 10:00:35.743924+00	1	\N	\N	\N	5
4	income	30000.00	2026-01-20	Поступление по договору AMT-2026-000002. Массовое принятие начисления #86	2026-01-20 10:00:35.749472+00	1	\N	\N	\N	4
5	income	30000.00	2026-01-20	Поступление по договору AMT-2026-000002. 	2026-01-20 10:00:35.755417+00	1	\N	\N	\N	3
6	income	30000.00	2026-01-20	Поступление по договору AMT-2026-000002. 	2026-01-20 10:00:35.761136+00	1	\N	\N	\N	2
7	income	100000.00	2026-01-21	Поступление по договору AMT-2026-000003. 	2026-01-21 03:43:52.037066+00	2	\N	\N	\N	\N
\.


--
-- Data for Name: accounts; Type: TABLE DATA; Schema: public; Owner: amt_user
--

COPY public.accounts (id, name, account_type, currency, balance, account_number, bank_name, is_active, comment, created_at, updated_at, owner_id) FROM stdin;
1	ОсОО ЖиВ сомы	cash	KGS	180000.00			t		2026-01-17 14:27:32.77739+00	2026-01-20 10:00:35.760068+00	1
2	ОсОО ЖиВ	bank	KGS	100000.00			t		2026-01-17 14:27:49.487354+00	2026-01-21 04:12:46.006189+00	1
\.


--
-- Data for Name: accruals; Type: TABLE DATA; Schema: public; Owner: amt_user
--

COPY public.accruals (id, period_start, period_end, due_date, base_amount, adjustments, utilities_amount, final_amount, paid_amount, balance, status, comment, created_at, updated_at, contract_id, utility_type) FROM stdin;
72	2026-01-06	2026-02-05	2026-02-25	100000.00	0.00	0.00	100000.00	0.00	100000.00	planned		2026-01-19 11:25:26.429766+00	2026-01-19 11:25:26.429782+00	3	rent
73	2026-02-06	2026-03-05	2026-03-25	100000.00	0.00	0.00	100000.00	0.00	100000.00	planned		2026-01-19 11:25:26.431445+00	2026-01-19 11:25:26.431462+00	3	rent
74	2026-03-06	2026-04-05	2026-04-25	100000.00	0.00	0.00	100000.00	0.00	100000.00	planned		2026-01-19 11:25:26.433069+00	2026-01-19 11:25:26.433085+00	3	rent
75	2026-04-06	2026-05-05	2026-05-25	100000.00	0.00	0.00	100000.00	0.00	100000.00	planned		2026-01-19 11:25:26.434646+00	2026-01-19 11:25:26.434664+00	3	rent
76	2026-05-06	2026-06-05	2026-06-25	100000.00	0.00	0.00	100000.00	0.00	100000.00	planned		2026-01-19 11:25:26.436268+00	2026-01-19 11:25:26.436285+00	3	rent
77	2026-06-06	2026-07-05	2026-07-25	100000.00	0.00	0.00	100000.00	0.00	100000.00	planned		2026-01-19 11:25:26.437683+00	2026-01-19 11:25:26.437699+00	3	rent
78	2026-07-06	2026-08-05	2026-08-25	100000.00	0.00	0.00	100000.00	0.00	100000.00	planned		2026-01-19 11:25:26.439036+00	2026-01-19 11:25:26.439051+00	3	rent
79	2026-08-06	2026-09-05	2026-09-25	100000.00	0.00	0.00	100000.00	0.00	100000.00	planned		2026-01-19 11:25:26.440504+00	2026-01-19 11:25:26.44052+00	3	rent
80	2026-09-06	2026-10-05	2026-10-25	100000.00	0.00	0.00	100000.00	0.00	100000.00	planned		2026-01-19 11:25:26.44178+00	2026-01-19 11:25:26.441796+00	3	rent
81	2026-10-06	2026-11-05	2026-11-25	100000.00	0.00	0.00	100000.00	0.00	100000.00	planned		2026-01-19 11:25:26.443142+00	2026-01-19 11:25:26.443157+00	3	rent
82	2026-11-06	2026-12-05	2026-12-25	100000.00	0.00	0.00	100000.00	0.00	100000.00	planned		2026-01-19 11:25:26.444514+00	2026-01-19 11:25:26.444529+00	3	rent
83	2026-12-06	2026-12-31	2026-12-25	100000.00	0.00	0.00	100000.00	0.00	100000.00	planned		2026-01-19 11:25:26.446726+00	2026-01-19 11:25:26.446744+00	3	rent
71	2025-12-06	2026-01-05	2026-01-25	100000.00	0.00	0.00	100000.00	0.00	100000.00	planned		2026-01-19 11:25:26.427988+00	2026-01-21 04:12:46.00015+00	3	rent
70	2025-11-06	2025-12-05	2025-12-25	100000.00	0.00	0.00	100000.00	0.00	100000.00	overdue		2026-01-19 11:25:26.425423+00	2026-01-21 04:21:36.890048+00	3	rent
103	2026-01-21	2026-02-20	2026-02-25	12000.00	0.00	0.00	12000.00	0.00	12000.00	planned		2026-01-21 12:57:33.757557+00	2026-01-21 12:57:33.760384+00	4	rent
104	2026-02-21	2026-03-20	2026-03-25	12000.00	0.00	0.00	12000.00	0.00	12000.00	planned		2026-01-21 12:57:33.76543+00	2026-01-21 12:57:33.767709+00	4	rent
105	2026-03-21	2026-04-20	2026-04-25	12000.00	0.00	0.00	12000.00	0.00	12000.00	planned		2026-01-21 12:57:33.77055+00	2026-01-21 12:57:33.772822+00	4	rent
106	2026-04-21	2026-05-20	2026-05-25	12000.00	0.00	0.00	12000.00	0.00	12000.00	planned		2026-01-21 12:57:33.775688+00	2026-01-21 12:57:33.777828+00	4	rent
107	2026-05-21	2026-06-20	2026-06-25	12000.00	0.00	0.00	12000.00	0.00	12000.00	planned		2026-01-21 12:57:33.780686+00	2026-01-21 12:57:33.782859+00	4	rent
108	2026-06-21	2026-07-07	2026-07-25	12000.00	0.00	0.00	12000.00	0.00	12000.00	planned		2026-01-21 12:57:33.785995+00	2026-01-21 12:57:33.788396+00	4	rent
110	2026-02-24	2026-03-23	2026-03-10	20000.00	0.00	0.00	20000.00	0.00	20000.00	planned		2026-01-22 18:24:00.013049+00	2026-01-22 18:24:00.014669+00	5	rent
111	2026-03-24	2026-04-23	2026-04-10	20000.00	0.00	0.00	20000.00	0.00	20000.00	planned		2026-01-22 18:24:00.016711+00	2026-01-22 18:24:00.018038+00	5	rent
112	2026-04-24	2026-05-23	2026-05-10	20000.00	0.00	0.00	20000.00	0.00	20000.00	planned		2026-01-22 18:24:00.020009+00	2026-01-22 18:24:00.02172+00	5	rent
113	2026-05-24	2026-05-30	2026-05-10	20000.00	0.00	0.00	20000.00	0.00	20000.00	planned		2026-01-22 18:24:00.024938+00	2026-01-22 18:24:00.026889+00	5	rent
109	2026-01-24	2026-02-23	2026-02-10	20000.00	0.00	0.00	20000.00	20000.00	0.00	paid		2026-01-22 18:24:00.003175+00	2026-01-22 18:24:00.047171+00	5	rent
90	2025-12-06	2026-01-05	2026-01-25	30000.00	0.00	0.00	30000.00	0.00	30000.00	planned		2026-01-19 11:25:49.204317+00	2026-01-19 11:25:49.204332+00	2	rent
91	2026-01-06	2026-02-05	2026-02-25	30000.00	0.00	0.00	30000.00	0.00	30000.00	planned		2026-01-19 11:25:49.205586+00	2026-01-19 11:25:49.205599+00	2	rent
92	2026-02-06	2026-03-05	2026-03-25	30000.00	0.00	0.00	30000.00	0.00	30000.00	planned		2026-01-19 11:25:49.206824+00	2026-01-19 11:25:49.206838+00	2	rent
93	2026-03-06	2026-04-05	2026-04-25	30000.00	0.00	0.00	30000.00	0.00	30000.00	planned		2026-01-19 11:25:49.208118+00	2026-01-19 11:25:49.208132+00	2	rent
94	2026-04-06	2026-05-05	2026-05-25	30000.00	0.00	0.00	30000.00	0.00	30000.00	planned		2026-01-19 11:25:49.209346+00	2026-01-19 11:25:49.209489+00	2	rent
95	2026-05-06	2026-06-05	2026-06-25	30000.00	0.00	0.00	30000.00	0.00	30000.00	planned		2026-01-19 11:25:49.210765+00	2026-01-19 11:25:49.21078+00	2	rent
96	2026-06-06	2026-07-05	2026-07-25	30000.00	0.00	0.00	30000.00	0.00	30000.00	planned		2026-01-19 11:25:49.212426+00	2026-01-19 11:25:49.212442+00	2	rent
97	2026-07-06	2026-08-05	2026-08-25	30000.00	0.00	0.00	30000.00	0.00	30000.00	planned		2026-01-19 11:25:49.213824+00	2026-01-19 11:25:49.213838+00	2	rent
98	2026-08-06	2026-09-05	2026-09-25	30000.00	0.00	0.00	30000.00	0.00	30000.00	planned		2026-01-19 11:25:49.215071+00	2026-01-19 11:25:49.215086+00	2	rent
99	2026-09-06	2026-10-05	2026-10-25	30000.00	0.00	0.00	30000.00	0.00	30000.00	planned		2026-01-19 11:25:49.216261+00	2026-01-19 11:25:49.216275+00	2	rent
100	2026-10-06	2026-11-05	2026-11-25	30000.00	0.00	0.00	30000.00	0.00	30000.00	planned		2026-01-19 11:25:49.217472+00	2026-01-19 11:25:49.21749+00	2	rent
101	2026-11-06	2026-12-05	2026-12-25	30000.00	0.00	0.00	30000.00	0.00	30000.00	planned		2026-01-19 11:25:49.218683+00	2026-01-19 11:25:49.218696+00	2	rent
102	2026-12-06	2026-12-25	2026-12-25	30000.00	0.00	0.00	30000.00	0.00	30000.00	planned		2026-01-19 11:25:49.21988+00	2026-01-19 11:25:49.219894+00	2	rent
84	2025-06-06	2025-07-05	2025-07-25	30000.00	0.00	0.00	30000.00	30000.00	0.00	paid		2026-01-19 11:25:49.195082+00	2026-01-20 07:13:51.741217+00	2	rent
85	2025-07-06	2025-08-05	2025-08-25	30000.00	0.00	0.00	30000.00	30000.00	0.00	paid		2026-01-19 11:25:49.197007+00	2026-01-20 07:14:09.287745+00	2	rent
86	2025-08-06	2025-09-05	2025-09-25	30000.00	0.00	0.00	30000.00	30000.00	0.00	paid		2026-01-19 11:25:49.198753+00	2026-01-20 07:52:06.82999+00	2	rent
87	2025-09-06	2025-10-05	2025-10-25	30000.00	0.00	0.00	30000.00	30000.00	0.00	paid		2026-01-19 11:25:49.200159+00	2026-01-20 07:52:06.844066+00	2	rent
88	2025-10-06	2025-11-05	2025-11-25	30000.00	0.00	0.00	30000.00	30000.00	0.00	paid		2026-01-19 11:25:49.201606+00	2026-01-20 07:52:06.857338+00	2	rent
89	2025-11-06	2025-12-05	2025-12-25	30000.00	0.00	0.00	30000.00	30000.00	0.00	paid		2026-01-19 11:25:49.202969+00	2026-01-20 07:52:06.878492+00	2	rent
\.


--
-- Data for Name: auth_group; Type: TABLE DATA; Schema: public; Owner: amt_user
--

COPY public.auth_group (id, name) FROM stdin;
\.


--
-- Data for Name: auth_group_permissions; Type: TABLE DATA; Schema: public; Owner: amt_user
--

COPY public.auth_group_permissions (id, group_id, permission_id) FROM stdin;
\.


--
-- Data for Name: auth_permission; Type: TABLE DATA; Schema: public; Owner: amt_user
--

COPY public.auth_permission (id, name, content_type_id, codename) FROM stdin;
1	Can add log entry	1	add_logentry
2	Can change log entry	1	change_logentry
3	Can delete log entry	1	delete_logentry
4	Can view log entry	1	view_logentry
5	Can add permission	2	add_permission
6	Can change permission	2	change_permission
7	Can delete permission	2	delete_permission
8	Can view permission	2	view_permission
9	Can add group	3	add_group
10	Can change group	3	change_group
11	Can delete group	3	delete_group
12	Can view group	3	view_group
13	Can add content type	4	add_contenttype
14	Can change content type	4	change_contenttype
15	Can delete content type	4	delete_contenttype
16	Can view content type	4	view_contenttype
17	Can add session	5	add_session
18	Can change session	5	change_session
19	Can delete session	5	delete_session
20	Can view session	5	view_session
21	Can add Арендатор	6	add_tenant
22	Can change Арендатор	6	change_tenant
23	Can delete Арендатор	6	delete_tenant
24	Can view Арендатор	6	view_tenant
25	Can add user	7	add_user
26	Can change user	7	change_user
27	Can delete user	7	delete_user
28	Can view user	7	view_user
29	Can add Объект недвижимости	8	add_property
30	Can change Объект недвижимости	8	change_property
31	Can delete Объект недвижимости	8	delete_property
32	Can view Объект недвижимости	8	view_property
33	Can add Договор	9	add_contract
34	Can change Договор	9	change_contract
35	Can delete Договор	9	delete_contract
36	Can view Договор	9	view_contract
37	Can add Начисление	10	add_accrual
38	Can change Начисление	10	change_accrual
39	Can delete Начисление	10	delete_accrual
40	Can view Начисление	10	view_accrual
41	Can add Поступление	11	add_payment
42	Can change Поступление	11	change_payment
43	Can delete Поступление	11	delete_payment
44	Can view Поступление	11	view_payment
45	Can add Распределение платежа	12	add_paymentallocation
46	Can change Распределение платежа	12	change_paymentallocation
47	Can delete Распределение платежа	12	delete_paymentallocation
48	Can view Распределение платежа	12	view_paymentallocation
49	Can add Депозит	13	add_deposit
50	Can change Депозит	13	change_deposit
51	Can delete Депозит	13	delete_deposit
52	Can view Депозит	13	view_deposit
53	Can add Движение по депозиту	14	add_depositmovement
54	Can change Движение по депозиту	14	change_depositmovement
55	Can delete Движение по депозиту	14	delete_depositmovement
56	Can view Движение по депозиту	14	view_depositmovement
57	Can add Выплата	15	add_expense
58	Can change Выплата	15	change_expense
59	Can delete Выплата	15	delete_expense
60	Can view Выплата	15	view_expense
61	Can add Курс валют	16	add_exchangerate
62	Can change Курс валют	16	change_exchangerate
63	Can delete Курс валют	16	delete_exchangerate
64	Can view Курс валют	16	view_exchangerate
65	Can add Счет	17	add_account
66	Can change Счет	17	change_account
67	Can delete Счет	17	delete_account
68	Can view Счет	17	view_account
69	Can add Операция по счету	18	add_accounttransaction
70	Can change Операция по счету	18	change_accounttransaction
71	Can delete Операция по счету	18	delete_accounttransaction
72	Can view Операция по счету	18	view_accounttransaction
73	Can add Назначение сотрудника	19	add_staffassignment
74	Can change Назначение сотрудника	19	change_staffassignment
75	Can delete Назначение сотрудника	19	delete_staffassignment
76	Can view Назначение сотрудника	19	view_staffassignment
77	Can add Заявка	20	add_request
78	Can change Заявка	20	change_request
79	Can delete Заявка	20	delete_request
80	Can view Заявка	20	view_request
81	Can add Связь инвестора	21	add_investorlink
82	Can change Связь инвестора	21	change_investorlink
83	Can delete Связь инвестора	21	delete_investorlink
84	Can view Связь инвестора	21	view_investorlink
85	Can add Настройки уведомлений	22	add_notificationsettings
86	Can change Настройки уведомлений	22	change_notificationsettings
87	Can delete Настройки уведомлений	22	delete_notificationsettings
88	Can view Настройки уведомлений	22	view_notificationsettings
89	Can add Лог уведомления	23	add_notificationlog
90	Can change Лог уведомления	23	change_notificationlog
91	Can delete Лог уведомления	23	delete_notificationlog
92	Can view Лог уведомления	23	view_notificationlog
93	Can add Попытка входа	24	add_loginattempt
94	Can change Попытка входа	24	change_loginattempt
95	Can delete Попытка входа	24	delete_loginattempt
96	Can view Попытка входа	24	view_loginattempt
\.


--
-- Data for Name: contracts; Type: TABLE DATA; Schema: public; Owner: amt_user
--

COPY public.contracts (id, number, signed_at, start_date, end_date, rent_amount, currency, due_day, deposit_enabled, deposit_amount, advance_enabled, advance_months, status, comment, created_at, updated_at, property_id, tenant_id, exchange_rate_source, landlord_id) FROM stdin;
3	AMT-2026-000003	2026-01-19	2025-11-06	2026-12-31	100000.00	KGS	25	f	0.00	f	1	active		2026-01-19 11:24:30.582604+00	2026-01-19 11:25:26.404676+00	1	2	nbkr	\N
2	AMT-2026-000002	2026-01-17	2025-06-06	2026-12-25	30000.00	KGS	25	f	0.00	t	1	active		2026-01-17 14:29:41.052923+00	2026-01-19 11:25:49.180284+00	2	3	nbkr	\N
4	AMT-2026-000004	2026-01-21	2026-01-21	2026-07-07	12000.00	KGS	25	t	10000.00	f	1	active		2026-01-21 12:57:33.745728+00	2026-01-21 12:57:41.617372+00	3	3	nbkr	\N
5	AMT-2026-000005	2026-01-23	2026-01-24	2026-05-30	20000.00	KGS	10	t	10000.00	t	1	active		2026-01-22 18:23:59.98533+00	2026-01-22 18:23:59.985351+00	4	3	nbkr	\N
\.


--
-- Data for Name: deposit_movements; Type: TABLE DATA; Schema: public; Owner: amt_user
--

COPY public.deposit_movements (id, movement_type, amount, reason, comment, created_at, deposit_id) FROM stdin;
\.


--
-- Data for Name: deposits; Type: TABLE DATA; Schema: public; Owner: amt_user
--

COPY public.deposits (id, amount, balance, created_at, updated_at, contract_id) FROM stdin;
1	10000.00	0.00	2026-01-21 12:57:33.791416+00	2026-01-21 12:57:33.791441+00	4
2	10000.00	0.00	2026-01-22 18:24:00.02913+00	2026-01-22 18:24:00.029147+00	5
\.


--
-- Data for Name: django_admin_log; Type: TABLE DATA; Schema: public; Owner: amt_user
--

COPY public.django_admin_log (id, action_time, object_id, object_repr, action_flag, change_message, content_type_id, user_id) FROM stdin;
\.


--
-- Data for Name: django_content_type; Type: TABLE DATA; Schema: public; Owner: amt_user
--

COPY public.django_content_type (id, app_label, model) FROM stdin;
1	admin	logentry
2	auth	permission
3	auth	group
4	contenttypes	contenttype
5	sessions	session
6	core	tenant
7	core	user
8	properties	property
9	contracts	contract
10	accruals	accrual
11	payments	payment
12	payments	paymentallocation
13	deposits	deposit
14	deposits	depositmovement
15	account	expense
16	core	exchangerate
17	accounts	account
18	accounts	accounttransaction
19	core	staffassignment
20	core	request
21	core	investorlink
22	notifications	notificationsettings
23	notifications	notificationlog
24	core	loginattempt
\.


--
-- Data for Name: django_migrations; Type: TABLE DATA; Schema: public; Owner: amt_user
--

COPY public.django_migrations (id, app, name, applied) FROM stdin;
1	properties	0001_initial	2026-01-16 20:13:39.691927+00
2	contracts	0001_initial	2026-01-16 20:13:39.721609+00
3	account	0001_initial	2026-01-16 20:13:39.733067+00
4	account	0002_initial	2026-01-16 20:13:39.757228+00
5	accruals	0001_initial	2026-01-16 20:13:39.76864+00
6	accruals	0002_initial	2026-01-16 20:13:39.798531+00
7	contenttypes	0001_initial	2026-01-16 20:13:39.812053+00
8	contenttypes	0002_remove_content_type_name	2026-01-16 20:13:39.82842+00
9	auth	0001_initial	2026-01-16 20:13:39.879239+00
10	auth	0002_alter_permission_name_max_length	2026-01-16 20:13:39.886958+00
11	auth	0003_alter_user_email_max_length	2026-01-16 20:13:39.895039+00
12	auth	0004_alter_user_username_opts	2026-01-16 20:13:39.902923+00
13	auth	0005_alter_user_last_login_null	2026-01-16 20:13:39.911092+00
14	auth	0006_require_contenttypes_0002	2026-01-16 20:13:39.914956+00
15	auth	0007_alter_validators_add_error_messages	2026-01-16 20:13:39.924961+00
16	auth	0008_alter_user_username_max_length	2026-01-16 20:13:39.932772+00
17	auth	0009_alter_user_last_name_max_length	2026-01-16 20:13:39.940718+00
18	auth	0010_alter_group_name_max_length	2026-01-16 20:13:39.949837+00
19	auth	0011_update_proxy_permissions	2026-01-16 20:13:39.960713+00
20	auth	0012_alter_user_first_name_max_length	2026-01-16 20:13:39.967896+00
21	core	0001_initial	2026-01-16 20:13:40.024612+00
22	admin	0001_initial	2026-01-16 20:13:40.054174+00
23	admin	0002_logentry_remove_auto_add	2026-01-16 20:13:40.065677+00
24	admin	0003_logentry_add_action_flag_choices	2026-01-16 20:13:40.076624+00
25	contracts	0002_initial	2026-01-16 20:13:40.092742+00
26	deposits	0001_initial	2026-01-16 20:13:40.136412+00
27	payments	0001_initial	2026-01-16 20:13:40.202709+00
28	sessions	0001_initial	2026-01-16 20:13:40.219044+00
29	contracts	0003_contract_exchange_rate_source_and_more	2026-01-17 07:47:41.799369+00
30	core	0002_exchangerate	2026-01-17 07:47:41.819057+00
31	core	0003_alter_tenant_options_tenant_type	2026-01-17 07:52:08.95334+00
32	accounts	0001_initial	2026-01-17 14:26:00.725784+00
33	accruals	0003_accrual_utility_type	2026-01-17 14:31:57.921882+00
34	payments	0002_add_account_to_payment	2026-01-20 09:10:26.362866+00
35	payments	0003_add_is_returned	2026-01-21 04:11:59.832287+00
36	contracts	0004_contract_landlord	2026-01-23 10:19:03.071308+00
37	core	0004_alter_user_options_user_counterparty_and_more	2026-01-23 10:19:03.289016+00
38	notifications	0001_initial	2026-01-23 10:19:03.369051+00
39	core	0005_loginattempt	2026-01-23 12:53:00.524985+00
40	core	0006_rename_login_atte_attempt_2b3c4d_idx_login_attem_attempt_797412_idx_and_more	2026-01-24 05:04:56.412683+00
41	accruals	0004_add_admin_type_to_tenant	2026-01-24 21:34:21.096684+00
42	core	0007_add_admin_type_to_tenant	2026-01-24 21:34:21.116079+00
43	notifications	0002_add_admin_type_to_tenant	2026-01-24 21:34:21.159035+00
44	core	0008_add_unique_phone_to_tenant	2026-01-24 21:51:59.644586+00
45	core	0009_fix_unique_phone_nullable	2026-01-24 21:51:59.724711+00
46	core	0010_fix_phone_unique_properly	2026-01-24 21:51:59.804403+00
\.


--
-- Data for Name: django_session; Type: TABLE DATA; Schema: public; Owner: amt_user
--

COPY public.django_session (session_key, session_data, expire_date) FROM stdin;
y1b9e2mx1vqw7ilch411jquy4fw07bam	.eJxVjDsOwjAQBe_iGlnx-gslfc5g7XptHECOFCcV4u4QKQW0b2beS0Tc1hq3npc4sbgIJU6_G2F65LYDvmO7zTLNbV0mkrsiD9rlOHN-Xg_376Bir996KMjWu2J1PqNDQg7eO6bgQYM1bIshBK0gkKGgnKfAORs9pACg0Ij3B-90N84:1vjES9:tK5TX9JKceRqdmvzV1KN3NQLeJXW3lmZvUW8Dg14fRU	2026-02-06 10:31:45.150181+00
8eiv2w13dyl898yvh971x3wkobi5mf9j	.eJxVjDsOgzAQBe_iOrJgWfxJmZ4zWOv1EpNERsJQRbl7QKJI2pl5760CbWsOW5UlTEldFajLL4vETymHSA8q91nzXNZlivpI9GmrHuYkr9vZ_h1kqnlfm2iRvAEXyZmePBJ3xOJg7BkBBE0zgkOUBC0727WNRNt7bP3ObQfq8wXaTDcW:1vjF41:7Rse3wXDJmetcxoSbxMDSZmxjNIQAfnvdSOcVV_UqfI	2026-02-06 11:10:53.345935+00
1650iyukf5sb4ksp328eprbe606x80fu	.eJxVjDsOgzAQBe_iOrJgWfxJmZ4zWOv1EpNERsJQRbl7QKJI2pl5760CbWsOW5UlTEldFajLL4vETymHSA8q91nzXNZlivpI9GmrHuYkr9vZ_h1kqnlfm2iRvAEXyZmePBJ3xOJg7BkBBE0zgkOUBC0727WNRNt7bP3ObQfq8wXaTDcW:1vjGnk:aQQJUi5hZTFDAFo8xAxG5NF_nylhD4BD393g9mByRNo	2026-02-06 13:02:12.501185+00
4ukynsirjxwfzqhbzxane82kynwb1x9s	.eJxVjDsOwjAQBe_iGlnx-gslfc5g7XptHECOFCcV4u4QKQW0b2beS0Tc1hq3npc4sbgIJU6_G2F65LYDvmO7zTLNbV0mkrsiD9rlOHN-Xg_376Bir996KMjWu2J1PqNDQg7eO6bgQYM1bIshBK0gkKGgnKfAORs9pACg0Ij3B-90N84:1vjlMn:LePRXubWWrnvJvT55VW4tXZtlPoVUmxXz96-1YJhTEg	2026-02-07 21:40:25.266345+00
n4pl43pkmcg0xpf5j5xxp3u39b725vx8	.eJxVjDsOwjAQBe_iGlnx-gslfc5g7XptHECOFCcV4u4QKQW0b2beS0Tc1hq3npc4sbgIJU6_G2F65LYDvmO7zTLNbV0mkrsiD9rlOHN-Xg_376Bir996KMjWu2J1PqNDQg7eO6bgQYM1bIshBK0gkKGgnKfAORs9pACg0Ij3B-90N84:1vk2oS:p4efMVo9KLCr18nFxc4TvyyEjmMu3xOgkHuFkh_5h0Y	2026-02-08 16:18:08.610744+00
yl1g9t6v5yhhi7icwjyx7i81xam5lusc	e30:1vk2rO:HJe9KlzLFOnewnK54-HJ6OOITf1Q6CaeGgh8MIak-q4	2026-02-08 16:21:10.662275+00
ojwub0ixamvhbl1y6267j0u83zacar06	.eJxVjDsOwjAQBe_iGlnx-gslfc5g7XptHECOFCcV4u4QKQW0b2beS0Tc1hq3npc4sbgIJU6_G2F65LYDvmO7zTLNbV0mkrsiD9rlOHN-Xg_376Bir996KMjWu2J1PqNDQg7eO6bgQYM1bIshBK0gkKGgnKfAORs9pACg0Ij3B-90N84:1vk38B:7ALYdVsXEDHY_LT3R0xkxwc_BM-BDB5SJa4ie7W8wd4	2026-02-08 16:38:31.773905+00
\.


--
-- Data for Name: exchange_rates; Type: TABLE DATA; Schema: public; Owner: amt_user
--

COPY public.exchange_rates (id, currency, rate, source, date, created_at) FROM stdin;
\.


--
-- Data for Name: expenses; Type: TABLE DATA; Schema: public; Owner: amt_user
--

COPY public.expenses (id, date, category, utility_tag, amount, recipient, comment, created_at, updated_at, contract_id, property_id) FROM stdin;
\.


--
-- Data for Name: investor_links; Type: TABLE DATA; Schema: public; Owner: amt_user
--

COPY public.investor_links (id, share, status, created_at, contract_id, investor_id, property_id) FROM stdin;
\.


--
-- Data for Name: login_attempts; Type: TABLE DATA; Schema: public; Owner: amt_user
--

COPY public.login_attempts (id, attempt_id, status, failure_reason, verified_phone, expected_phone, metadata, created_at, expires_at, updated_at, user_id, otp_code) FROM stdin;
c033339a-2a45-4b4e-a94a-c27857d2cba4	13625bff-867d-49a8-8e58-681dcaadaedb	NEW	\N	\N	\N	{"ip": "172.18.0.1", "user_agent": "curl/7.81.0"}	2026-01-23 12:53:15.233484+00	2026-01-23 12:58:15.220894+00	2026-01-23 12:53:15.233535+00	\N	\N
9b505b91-78c5-476e-88a5-fbbc0a951978	778b3ef6-c498-45aa-9119-d779a40105c0	NEW	\N	\N	\N	{"ip": "172.18.0.1", "user_agent": "curl/7.81.0"}	2026-01-23 12:53:33.229681+00	2026-01-23 12:58:33.215954+00	2026-01-23 12:53:33.229718+00	\N	\N
072d820c-3b13-41cb-9459-45efd9aecf52	8e621930-6ad7-466d-81c8-c4f87e9cbbbd	NEW	\N	\N	\N	{"ip": "172.18.0.1", "user_agent": "curl/7.81.0"}	2026-01-23 12:53:33.282609+00	2026-01-23 12:58:33.262944+00	2026-01-23 12:53:33.282655+00	\N	\N
970d2222-99cc-4dfe-badd-51ef3a36d6d7	c30fef37-cfa9-4f4b-9e46-7c48c1efad7b	NEW	\N	\N	\N	{"ip": "172.18.0.1", "user_agent": "Mozilla/5.0 (Macintosh; Intel Mac OS X 10_15_7) AppleWebKit/537.36 (KHTML, like Gecko) Chrome/143.0.0.0 Safari/537.36"}	2026-01-23 12:58:48.147555+00	2026-01-23 13:03:48.128348+00	2026-01-23 12:58:48.147609+00	\N	\N
837a1aab-06bf-45da-bbfe-fb0253fd08a4	6a938808-d685-4d25-98e8-198ff7a8f348	NEW	\N	\N	\N	{"ip": "172.18.0.1", "user_agent": "Mozilla/5.0 (Macintosh; Intel Mac OS X 10_15_7) AppleWebKit/537.36 (KHTML, like Gecko) Chrome/143.0.0.0 Safari/537.36"}	2026-01-23 12:59:50.627559+00	2026-01-23 13:04:50.61421+00	2026-01-23 12:59:50.627605+00	\N	\N
e80bdeba-b80d-4c94-a1a6-5b6fadf1375a	8d34875d-150c-49ce-a95b-3b0ed73029e9	NEW	\N	\N	\N	{"ip": "172.18.0.1", "user_agent": "Mozilla/5.0 (Macintosh; Intel Mac OS X 10_15_7) AppleWebKit/537.36 (KHTML, like Gecko) Chrome/143.0.0.0 Safari/537.36"}	2026-01-23 12:59:52.190452+00	2026-01-23 13:04:52.177896+00	2026-01-23 12:59:52.190478+00	\N	\N
33551a4d-02ae-4f0b-9e34-a026888ba7ac	6e9cc90b-7599-4c2f-b99f-76e8ed5fe8b3	COMPLETED	\N	+996557903999	\N	{"ip": "172.18.0.1", "user_agent": "Mozilla/5.0 (Macintosh; Intel Mac OS X 10_15_7) AppleWebKit/537.36 (KHTML, like Gecko) Chrome/143.0.0.0 Safari/537.36"}	2026-01-23 12:59:53.059927+00	2026-01-23 13:04:53.044574+00	2026-01-23 13:02:12.498994+00	2	\N
9c9a7ebd-4018-454c-90d0-56e707abe907	6c04ce2a-852e-473d-bda8-0521d3dcef70	NEW	\N	\N	\N	{"ip": "172.18.0.1", "user_agent": "Mozilla/5.0 (Macintosh; Intel Mac OS X 10_15_7) AppleWebKit/537.36 (KHTML, like Gecko) Chrome/144.0.0.0 Safari/537.36"}	2026-01-23 13:06:24.084692+00	2026-01-23 13:11:24.072234+00	2026-01-23 13:06:24.084718+00	\N	\N
66e1a1e3-d0ac-4237-a49e-df71868d8199	645e816b-f2bc-4a88-b1f3-88fd5776b70d	NEW	\N	\N	\N	{"ip": "172.18.0.1", "user_agent": "Mozilla/5.0 (Macintosh; Intel Mac OS X 10_15_7) AppleWebKit/537.36 (KHTML, like Gecko) Chrome/144.0.0.0 Safari/537.36"}	2026-01-23 13:08:37.769972+00	2026-01-23 13:13:37.755918+00	2026-01-23 13:08:37.770031+00	\N	\N
5a479311-e7f3-42d9-87fa-18e23e5b6a5c	63778c98-5f4e-4ad8-870a-622a3ce0e59d	NEW	\N	\N	\N	{"ip": "172.18.0.1", "user_agent": "Mozilla/5.0 (Macintosh; Intel Mac OS X 10_15_7) AppleWebKit/537.36 (KHTML, like Gecko) Chrome/144.0.0.0 Safari/537.36"}	2026-01-23 13:11:30.562837+00	2026-01-23 13:16:30.550835+00	2026-01-23 13:11:30.562863+00	\N	\N
d1333265-c1fd-4244-8abc-4c8e12103fbb	661198ed-a4c4-4232-b49d-a33e2446bb83	FAILED	ATTEMPT_EXPIRED	\N	\N	{"ip": "172.18.0.1", "user_agent": "Mozilla/5.0 (Macintosh; Intel Mac OS X 10_15_7) AppleWebKit/537.36 (KHTML, like Gecko) Chrome/144.0.0.0 Safari/537.36"}	2026-01-23 13:14:50.316765+00	2026-01-23 13:19:50.298443+00	2026-01-23 13:31:53.65925+00	\N	\N
70e82ed5-f5c1-44d2-98dc-ef06da4be6e7	e572befd-94a0-4ad1-a482-4bb6b2aac9c7	FAILED	ATTEMPT_EXPIRED	\N	\N	{"ip": "172.18.0.1", "user_agent": "Mozilla/5.0 (Macintosh; Intel Mac OS X 10_15_7) AppleWebKit/537.36 (KHTML, like Gecko) Chrome/144.0.0.0 Safari/537.36"}	2026-01-24 04:58:01.586272+00	2026-01-24 05:03:01.570546+00	2026-01-24 05:03:01.702088+00	\N	\N
ddb615a6-d404-4a5e-bedc-42a46367456c	c60e6871-935b-4114-9085-c04de92ceb57	NEW	\N	\N	\N	{"ip": "172.18.0.1", "user_agent": "Mozilla/5.0 (Macintosh; Intel Mac OS X 10_15_7) AppleWebKit/537.36 (KHTML, like Gecko) Chrome/144.0.0.0 Safari/537.36"}	2026-01-24 05:05:47.032986+00	2026-01-24 05:10:47.019789+00	2026-01-24 05:05:47.033027+00	\N	\N
20b9dc08-31ea-4a85-9d23-da01afeaa834	0f4a9be9-292d-4553-9a0c-eaadf4e13ba2	NEW	\N	\N	\N	{"ip": "172.18.0.1", "user_agent": "Mozilla/5.0 (Macintosh; Intel Mac OS X 10_15_7) AppleWebKit/537.36 (KHTML, like Gecko) Chrome/144.0.0.0 Safari/537.36"}	2026-01-24 05:05:49.165807+00	2026-01-24 05:10:49.153595+00	2026-01-24 05:05:49.165852+00	\N	\N
01327db8-d239-4ca6-b059-12d4cd898b65	04a10a33-e4be-455b-a832-7290ef97d72f	FAILED	ATTEMPT_EXPIRED	\N	\N	{"ip": "172.18.0.1", "user_agent": "Mozilla/5.0 (Macintosh; Intel Mac OS X 10_15_7) AppleWebKit/537.36 (KHTML, like Gecko) Chrome/144.0.0.0 Safari/537.36"}	2026-01-24 05:06:21.320822+00	2026-01-24 05:11:21.304976+00	2026-01-24 05:11:27.901945+00	\N	\N
2e3edb83-86d4-4e72-a0e9-215ba29cf824	1ddb114d-d76c-4f40-8d2d-d8deb7b94ec6	FAILED	ATTEMPT_EXPIRED	\N	\N	{"ip": "172.18.0.1", "user_agent": "Mozilla/5.0 (Macintosh; Intel Mac OS X 10_15_7) AppleWebKit/537.36 (KHTML, like Gecko) Chrome/144.0.0.0 Safari/537.36"}	2026-01-24 05:06:19.39094+00	2026-01-24 05:11:19.372535+00	2026-01-24 05:11:27.974199+00	\N	\N
52003a9e-f61d-4e53-a534-8f5a372287fe	84db5396-f247-4d6c-8033-5084553a1357	FAILED	ATTEMPT_EXPIRED	\N	\N	{"ip": "172.18.0.1", "user_agent": "Mozilla/5.0 (Macintosh; Intel Mac OS X 10_15_7) AppleWebKit/537.36 (KHTML, like Gecko) Chrome/143.0.0.0 Safari/537.36"}	2026-01-24 05:06:50.593584+00	2026-01-24 05:11:50.580849+00	2026-01-24 05:11:51.174199+00	\N	\N
eaf3e3ab-5ff2-4cb6-8f97-ffd4c2bf0eb3	cc740105-1116-4a0f-909b-303bd350ccbe	NEW	\N	\N	+996557903999	{"ip": "172.18.0.1", "method": "OTP", "user_agent": "curl/7.81.0"}	2026-01-24 05:12:54.102015+00	2026-01-24 05:17:54.101645+00	2026-01-24 05:12:54.102053+00	\N	271777
2696e37e-47f6-4c2c-bcbe-89d40b4a744d	95c452e1-a33a-4dea-bd30-58eb7e920b9e	NEW	\N	\N	+996557903999	{"ip": "172.18.0.1", "method": "OTP", "user_agent": "curl/7.81.0"}	2026-01-24 05:13:07.452014+00	2026-01-24 05:18:07.450793+00	2026-01-24 05:13:07.452044+00	\N	351267
e1214530-fcc8-452b-aed6-3a2747c7e61b	f0fbfc01-7579-427e-a510-36d19d9b0b60	COMPLETED	\N	+996557903999	+996557903999	{"ip": "172.18.0.1", "method": "OTP", "user_agent": "Mozilla/5.0 (Macintosh; Intel Mac OS X 10_15_7) AppleWebKit/537.36 (KHTML, like Gecko) Chrome/144.0.0.0 Safari/537.36"}	2026-01-24 05:16:13.321961+00	2026-01-24 05:21:13.321609+00	2026-01-24 05:17:22.979448+00	2	946916
75be027d-a423-4ce0-8931-d9b7b198e6a3	4e7ef73f-51ce-45bb-b3e3-e90c7dcada2f	NEW	\N	\N	\N	{"ip": "172.18.0.1", "user_agent": "Mozilla/5.0 (Macintosh; Intel Mac OS X 10_15_7) AppleWebKit/537.36 (KHTML, like Gecko) Chrome/143.0.0.0 Safari/537.36"}	2026-01-24 21:16:22.75687+00	2026-01-24 21:21:22.744967+00	2026-01-24 21:16:22.756907+00	\N	\N
56b591af-645e-49d9-8747-320671647516	ab7f24fd-a03d-4953-a6d1-7898509d6fa3	COMPLETED	\N	+996700750606	+996700750606	{"ip": "172.18.0.1", "method": "OTP", "user_agent": "Mozilla/5.0 (Macintosh; Intel Mac OS X 10_15_7) AppleWebKit/537.36 (KHTML, like Gecko) Chrome/143.0.0.0 Safari/537.36"}	2026-01-24 21:16:38.938043+00	2026-01-24 21:21:38.937687+00	2026-01-24 21:16:56.086471+00	1	608108
01ee65bf-bab1-4602-972e-a60ff5d18e4e	9f868db1-04b5-4ea4-94f6-bd6408a091fa	NEW	\N	\N	+996700750606	{"ip": "172.18.0.1", "method": "OTP", "user_agent": "curl/7.81.0"}	2026-01-24 21:23:14.504624+00	2026-01-24 21:28:14.504153+00	2026-01-24 21:23:14.504649+00	\N	485030
91f3918b-49ee-408e-b364-e5830a89bb03	9660b80b-eb40-440b-9879-560e6d9ba994	NEW	\N	\N	+996700750606	{"ip": "172.18.0.1", "method": "OTP", "user_agent": "curl/7.81.0"}	2026-01-24 21:23:32.790049+00	2026-01-24 21:28:32.789452+00	2026-01-24 21:23:32.790087+00	\N	106743
ed7d83b4-fe83-450f-a2e6-1b9066b35f5e	87563ab8-1d43-46b7-b566-80109e9df350	NEW	\N	\N	+996700750606	{"ip": "172.18.0.1", "method": "OTP", "user_agent": "curl/7.81.0"}	2026-01-24 21:24:49.919715+00	2026-01-24 21:29:49.919137+00	2026-01-24 21:24:49.919743+00	\N	366582
abae9506-f9a8-4ebc-bef6-c2051d64377d	7a376d18-984a-43c0-b3a5-f259e05b5826	NEW	\N	\N	+996700750606	{"ip": "172.18.0.1", "method": "OTP", "user_agent": "curl/7.81.0"}	2026-01-24 21:25:38.653655+00	2026-01-24 21:30:38.653162+00	2026-01-24 21:25:38.653688+00	\N	820751
2d1f60c2-3ee9-4b32-8f69-67dcd8ed7f54	dc934c78-475d-4fd5-bfa9-43e8f1b9f09a	NEW	\N	\N	+996700750606	{"ip": "172.18.0.1", "method": "OTP", "user_agent": "curl/7.81.0"}	2026-01-24 21:36:56.063923+00	2026-01-24 21:41:56.063503+00	2026-01-24 21:36:56.063955+00	\N	250196
af154d76-7212-40a5-9c78-2c9cf0e8b0ef	7335e762-e4cd-4def-9f41-418a530fb6d9	NEW	\N	\N	+996700750606	{"ip": "172.18.0.1", "method": "OTP", "user_agent": "curl/7.81.0"}	2026-01-24 21:36:59.2181+00	2026-01-24 21:41:59.217815+00	2026-01-24 21:36:59.218128+00	\N	529968
c0b4e577-495f-49f5-9bc1-62baf522895e	8d7065b5-bb9c-4579-9a7c-777cbd62eb69	NEW	\N	\N	+996700750606	{"ip": "172.18.0.1", "method": "OTP", "user_agent": "curl/7.81.0"}	2026-01-24 21:37:01.456829+00	2026-01-24 21:42:01.456517+00	2026-01-24 21:37:01.456885+00	\N	766857
0f783b3a-a532-4e57-bedb-f64e6b86e138	a7cc6799-65ad-4640-8492-076507021db9	NEW	\N	\N	+996700750606	{"ip": "172.18.0.1", "method": "OTP", "user_agent": "curl/7.81.0"}	2026-01-24 21:37:02.51258+00	2026-01-24 21:42:02.512314+00	2026-01-24 21:37:02.512602+00	\N	319231
fedabe26-2b6b-4076-afc1-96d2a6af6ee4	5b3b3d4b-69a0-486c-88ae-3f535e9cd668	NEW	\N	\N	+996700750606	{"ip": "172.18.0.1", "method": "OTP", "user_agent": "curl/7.81.0"}	2026-01-24 21:38:41.156796+00	2026-01-24 21:43:41.156338+00	2026-01-24 21:38:41.156824+00	\N	507747
1b94d12c-db84-462b-839c-bada363ade94	a1e79a13-918b-40d1-988e-f7524e465e6b	NEW	\N	\N	+996700750606	{"ip": "172.18.0.1", "method": "OTP", "user_agent": "curl/7.81.0"}	2026-01-24 21:39:09.560804+00	2026-01-24 21:44:09.560296+00	2026-01-24 21:39:09.560836+00	\N	796865
4e6beb5a-bfc7-43fd-8100-3852cd557afc	05057391-c8f2-495e-83ea-92829674bd38	COMPLETED	\N	+996700750606	+996700750606	{"ip": "172.18.0.1", "method": "OTP", "user_agent": "Mozilla/5.0 (Macintosh; Intel Mac OS X 10_15_7) AppleWebKit/537.36 (KHTML, like Gecko) Chrome/143.0.0.0 Safari/537.36"}	2026-01-24 21:40:12.970007+00	2026-01-24 21:45:12.96966+00	2026-01-24 21:40:25.262824+00	1	315044
0171e18a-48fe-4936-ae4d-b1de891f3cce	ffbf1c30-53cc-4b09-bf49-56e1b38aa13d	NEW	\N	\N	+996700750606	{"ip": "172.18.0.1", "method": "OTP", "user_agent": "curl/7.81.0"}	2026-01-24 21:41:45.700281+00	2026-01-24 21:46:45.700006+00	2026-01-24 21:41:45.700322+00	\N	693849
55baba6c-a2f6-4ab5-bfaf-9ff7714823ac	91d93a64-be80-4588-896f-557f43010584	COMPLETED	\N	+996557903999	+996557903999	{"ip": "172.18.0.1", "method": "OTP", "user_agent": "Mozilla/5.0 (Macintosh; Intel Mac OS X 10_15_7) AppleWebKit/537.36 (KHTML, like Gecko) Chrome/144.0.0.0 Safari/537.36"}	2026-01-24 21:45:00.786764+00	2026-01-24 21:50:00.786443+00	2026-01-24 21:45:10.026896+00	2	366411
110e05e2-1d28-4f1e-ac92-8f58d18527ce	ccf171b5-adf1-428e-bef4-52f3e1b44d38	COMPLETED	\N	+996700750606	+996700750606	{"ip": "172.18.0.1", "method": "OTP", "user_agent": "Mozilla/5.0 (Macintosh; Intel Mac OS X 10_15_7) AppleWebKit/537.36 (KHTML, like Gecko) Chrome/143.0.0.0 Safari/537.36"}	2026-01-25 16:17:55.272842+00	2026-01-25 16:22:55.271249+00	2026-01-25 16:18:08.606911+00	1	170321
88c09373-36dd-4502-958e-d477e11423e5	1f06309e-2365-4207-aff8-9d77e1d8f440	COMPLETED	\N	+996700750606	+996700750606	{"ip": "172.18.0.1", "method": "OTP", "user_agent": "Mozilla/5.0 (Macintosh; Intel Mac OS X 10_15_7) AppleWebKit/537.36 (KHTML, like Gecko) Chrome/144.0.0.0 Safari/537.36"}	2026-01-25 16:30:17.314536+00	2026-01-25 16:35:17.313866+00	2026-01-25 16:30:49.579285+00	1	164985
c2e6ea82-2ec4-441c-9877-cb8fc8abe1f5	67a5157c-6fc2-4dc8-86ab-02108ad593c8	COMPLETED	\N	+996700750606	+996700750606	{"ip": "172.18.0.1", "method": "OTP", "user_agent": "Mozilla/5.0 (Macintosh; Intel Mac OS X 10_15_7) AppleWebKit/537.36 (KHTML, like Gecko) Chrome/144.0.0.0 Safari/537.36"}	2026-01-25 16:31:11.038364+00	2026-01-25 16:36:11.037978+00	2026-01-25 16:31:38.779346+00	1	480421
fcc40829-07c8-4e55-89e5-eeba1b2c01aa	77452e9d-0b86-4ef5-b98a-fb55f1efb3b5	COMPLETED	\N	+996700750606	+996700750606	{"ip": "172.18.0.1", "method": "OTP", "user_agent": "Mozilla/5.0 (Macintosh; Intel Mac OS X 10_15_7) AppleWebKit/537.36 (KHTML, like Gecko) Chrome/144.0.0.0 Safari/537.36"}	2026-01-25 16:38:15.136643+00	2026-01-25 16:43:15.136243+00	2026-01-25 16:38:31.77061+00	1	713031
\.


--
-- Data for Name: notification_logs; Type: TABLE DATA; Schema: public; Owner: amt_user
--

COPY public.notification_logs (id, notification_type, recipient, message, status, error_message, sent_at, accrual_id, tenant_id) FROM stdin;
\.


--
-- Data for Name: notification_settings; Type: TABLE DATA; Schema: public; Owner: amt_user
--

COPY public.notification_settings (id, notification_type, days_before, message_template, is_enabled, created_at, updated_at) FROM stdin;
1	email	3	Уважаемый {tenant_name}!\n\nНапоминаем, что срок оплаты начисления по договору {contract_number} наступает {due_date}.\nСумма к оплате: {amount} {currency}.\n\nС уважением, Команда ZAKUP.ONE	t	2026-01-23 10:32:29.446109+00	2026-01-23 10:32:29.446135+00
\.


--
-- Data for Name: payment_allocations; Type: TABLE DATA; Schema: public; Owner: amt_user
--

COPY public.payment_allocations (id, amount, created_at, accrual_id, payment_id) FROM stdin;
3	30000.00	2026-01-20 07:13:51.736785+00	84	2
4	30000.00	2026-01-20 07:14:09.281116+00	85	3
5	30000.00	2026-01-20 07:52:06.823482+00	86	4
6	30000.00	2026-01-20 07:52:06.839314+00	87	5
7	30000.00	2026-01-20 07:52:06.853134+00	88	6
8	30000.00	2026-01-20 07:52:06.865469+00	89	7
11	20000.00	2026-01-22 18:24:00.045492+00	109	10
\.


--
-- Data for Name: payments; Type: TABLE DATA; Schema: public; Owner: amt_user
--

COPY public.payments (id, amount, payment_date, comment, allocated_amount, created_at, updated_at, contract_id, account_id, is_returned) FROM stdin;
7	30000.00	2026-01-20	Массовое принятие начисления #89	30000.00	2026-01-20 07:52:06.858831+00	2026-01-20 10:00:35.717698+00	2	1	f
6	30000.00	2026-01-20	Массовое принятие начисления #88	30000.00	2026-01-20 07:52:06.845813+00	2026-01-20 10:00:35.732386+00	2	1	f
5	30000.00	2026-01-20	Массовое принятие начисления #87	30000.00	2026-01-20 07:52:06.831872+00	2026-01-20 10:00:35.738751+00	2	1	f
4	30000.00	2026-01-20	Массовое принятие начисления #86	30000.00	2026-01-20 07:52:06.812916+00	2026-01-20 10:00:35.744805+00	2	1	f
3	30000.00	2026-01-20		30000.00	2026-01-20 07:14:09.27132+00	2026-01-20 10:00:35.750394+00	2	1	f
2	30000.00	2026-01-20		30000.00	2026-01-20 07:13:51.727011+00	2026-01-20 10:00:35.756256+00	2	1	f
9	100000.00	2026-01-21	Восстановленный платеж [ВОЗВРАЩЕН]	0.00	2026-01-21 04:07:59.847446+00	2026-01-21 04:12:46.008527+00	3	2	t
10	20000.00	2026-01-24	Аванс	20000.00	2026-01-22 18:24:00.032321+00	2026-01-22 18:24:00.048292+00	5	\N	f
\.


--
-- Data for Name: properties; Type: TABLE DATA; Schema: public; Owner: amt_user
--

COPY public.properties (id, name, property_type, address, area, status, block_floor_room, owner, comment, created_at, updated_at) FROM stdin;
1	Магазин Достор	office	Молодая Гвардия 2а	123.00	rented	12	2212		2026-01-16 21:56:22.964694+00	2026-01-17 14:28:45.719537+00
2	Магистраль	apartment	Магистраль 2	45.00	rented				2026-01-17 14:29:15.155859+00	2026-01-17 14:29:15.155886+00
3	Карпинка	office	Карпинка 5	342.00	rented				2026-01-21 12:43:31.153821+00	2026-01-21 12:58:10.451923+00
4	Шевченко 6 Дерматалогия	medical	г. Бишкек, ул. Шевченко 6, каб 5	32.00	rented				2026-01-22 18:23:16.590799+00	2026-01-22 18:23:16.590825+00
\.


--
-- Data for Name: requests; Type: TABLE DATA; Schema: public; Owner: amt_user
--

COPY public.requests (id, created_at, role, type, subject, message, attachments, status, internal_comment, public_reply, updated_at, assigned_to_id, counterparty_id, created_by_id, related_contract_id, related_property_id) FROM stdin;
\.


--
-- Data for Name: staff_assignments; Type: TABLE DATA; Schema: public; Owner: amt_user
--

COPY public.staff_assignments (id, created_at, contract_id, counterparty_id, property_id, staff_id) FROM stdin;
\.


--
-- Data for Name: tenants; Type: TABLE DATA; Schema: public; Owner: amt_user
--

COPY public.tenants (id, name, contact_person, email, phone, inn, address, comment, created_at, updated_at, type) FROM stdin;
3	Арендатор кв		asannameg@gmail.com	+996557903999				2026-01-17 14:46:42.73934+00	2026-01-21 11:04:07.774253+00	tenant
6	Mikana	Milana	mikana@mikana.ml	+996508999333				2026-01-23 10:08:13.555585+00	2026-01-23 10:08:13.55562+00	tenant
5	Администратор	Администратор системы	admin@amt.kg	+996700750606			Системный администратор для авторизации через WhatsApp	2026-01-23 09:34:34.095608+00	2026-01-24 21:20:17.077238+00	admin
1	Осоо Живи и выкупай	Бахиана		\N				2026-01-17 14:18:56.481867+00	2026-01-17 14:18:56.481896+00	landlord
2	Тест арендатор			\N				2026-01-17 14:19:05.327668+00	2026-01-17 14:19:05.327719+00	tenant
\.


--
-- Data for Name: users; Type: TABLE DATA; Schema: public; Owner: amt_user
--

COPY public.users (id, password, last_login, is_superuser, username, first_name, last_name, email, is_staff, is_active, date_joined, role, phone, counterparty_id, preferences) FROM stdin;
2	!Tu8DG2VWYgTHLlY5MdLvSejCvQ2pu0iXmZfC492Y	2026-01-24 21:45:10.02508+00	f	user_3_557903999				f	t	2026-01-23 11:10:53.332783+00	tenant	+996557903999	3	{}
1	pbkdf2_sha256$600000$rqcFCj21mhv4nuXZseau3e$CBIPqFRgR6IJZOoLOWO1eHa/Ye6I6Ygi9ukMISXFKlQ=	2026-01-25 16:38:31.768174+00	t	admin			admin@amt.kg	t	t	2026-01-23 10:25:53.22874+00	admin	+996700750606	5	{}
\.


--
-- Data for Name: users_groups; Type: TABLE DATA; Schema: public; Owner: amt_user
--

COPY public.users_groups (id, user_id, group_id) FROM stdin;
\.


--
-- Data for Name: users_user_permissions; Type: TABLE DATA; Schema: public; Owner: amt_user
--

COPY public.users_user_permissions (id, user_id, permission_id) FROM stdin;
\.


--
-- Name: account_transactions_id_seq; Type: SEQUENCE SET; Schema: public; Owner: amt_user
--

SELECT pg_catalog.setval('public.account_transactions_id_seq', 8, true);


--
-- Name: accounts_id_seq; Type: SEQUENCE SET; Schema: public; Owner: amt_user
--

SELECT pg_catalog.setval('public.accounts_id_seq', 2, true);


--
-- Name: accruals_id_seq; Type: SEQUENCE SET; Schema: public; Owner: amt_user
--

SELECT pg_catalog.setval('public.accruals_id_seq', 113, true);


--
-- Name: auth_group_id_seq; Type: SEQUENCE SET; Schema: public; Owner: amt_user
--

SELECT pg_catalog.setval('public.auth_group_id_seq', 1, false);


--
-- Name: auth_group_permissions_id_seq; Type: SEQUENCE SET; Schema: public; Owner: amt_user
--

SELECT pg_catalog.setval('public.auth_group_permissions_id_seq', 1, false);


--
-- Name: auth_permission_id_seq; Type: SEQUENCE SET; Schema: public; Owner: amt_user
--

SELECT pg_catalog.setval('public.auth_permission_id_seq', 96, true);


--
-- Name: contracts_id_seq; Type: SEQUENCE SET; Schema: public; Owner: amt_user
--

SELECT pg_catalog.setval('public.contracts_id_seq', 5, true);


--
-- Name: deposit_movements_id_seq; Type: SEQUENCE SET; Schema: public; Owner: amt_user
--

SELECT pg_catalog.setval('public.deposit_movements_id_seq', 1, false);


--
-- Name: deposits_id_seq; Type: SEQUENCE SET; Schema: public; Owner: amt_user
--

SELECT pg_catalog.setval('public.deposits_id_seq', 2, true);


--
-- Name: django_admin_log_id_seq; Type: SEQUENCE SET; Schema: public; Owner: amt_user
--

SELECT pg_catalog.setval('public.django_admin_log_id_seq', 1, false);


--
-- Name: django_content_type_id_seq; Type: SEQUENCE SET; Schema: public; Owner: amt_user
--

SELECT pg_catalog.setval('public.django_content_type_id_seq', 24, true);


--
-- Name: django_migrations_id_seq; Type: SEQUENCE SET; Schema: public; Owner: amt_user
--

SELECT pg_catalog.setval('public.django_migrations_id_seq', 46, true);


--
-- Name: exchange_rates_id_seq; Type: SEQUENCE SET; Schema: public; Owner: amt_user
--

SELECT pg_catalog.setval('public.exchange_rates_id_seq', 1, false);


--
-- Name: expenses_id_seq; Type: SEQUENCE SET; Schema: public; Owner: amt_user
--

SELECT pg_catalog.setval('public.expenses_id_seq', 1, false);


--
-- Name: investor_links_id_seq; Type: SEQUENCE SET; Schema: public; Owner: amt_user
--

SELECT pg_catalog.setval('public.investor_links_id_seq', 1, false);


--
-- Name: notification_logs_id_seq; Type: SEQUENCE SET; Schema: public; Owner: amt_user
--

SELECT pg_catalog.setval('public.notification_logs_id_seq', 1, false);


--
-- Name: notification_settings_id_seq; Type: SEQUENCE SET; Schema: public; Owner: amt_user
--

SELECT pg_catalog.setval('public.notification_settings_id_seq', 1, false);


--
-- Name: payment_allocations_id_seq; Type: SEQUENCE SET; Schema: public; Owner: amt_user
--

SELECT pg_catalog.setval('public.payment_allocations_id_seq', 11, true);


--
-- Name: payments_id_seq; Type: SEQUENCE SET; Schema: public; Owner: amt_user
--

SELECT pg_catalog.setval('public.payments_id_seq', 10, true);


--
-- Name: properties_id_seq; Type: SEQUENCE SET; Schema: public; Owner: amt_user
--

SELECT pg_catalog.setval('public.properties_id_seq', 4, true);


--
-- Name: requests_id_seq; Type: SEQUENCE SET; Schema: public; Owner: amt_user
--

SELECT pg_catalog.setval('public.requests_id_seq', 1, false);


--
-- Name: staff_assignments_id_seq; Type: SEQUENCE SET; Schema: public; Owner: amt_user
--

SELECT pg_catalog.setval('public.staff_assignments_id_seq', 1, false);


--
-- Name: tenants_id_seq; Type: SEQUENCE SET; Schema: public; Owner: amt_user
--

SELECT pg_catalog.setval('public.tenants_id_seq', 6, true);


--
-- Name: users_groups_id_seq; Type: SEQUENCE SET; Schema: public; Owner: amt_user
--

SELECT pg_catalog.setval('public.users_groups_id_seq', 1, false);


--
-- Name: users_id_seq; Type: SEQUENCE SET; Schema: public; Owner: amt_user
--

SELECT pg_catalog.setval('public.users_id_seq', 2, true);


--
-- Name: users_user_permissions_id_seq; Type: SEQUENCE SET; Schema: public; Owner: amt_user
--

SELECT pg_catalog.setval('public.users_user_permissions_id_seq', 1, false);


--
-- Name: account_transactions account_transactions_pkey; Type: CONSTRAINT; Schema: public; Owner: amt_user
--

ALTER TABLE ONLY public.account_transactions
    ADD CONSTRAINT account_transactions_pkey PRIMARY KEY (id);


--
-- Name: accounts accounts_pkey; Type: CONSTRAINT; Schema: public; Owner: amt_user
--

ALTER TABLE ONLY public.accounts
    ADD CONSTRAINT accounts_pkey PRIMARY KEY (id);


--
-- Name: accruals accruals_pkey; Type: CONSTRAINT; Schema: public; Owner: amt_user
--

ALTER TABLE ONLY public.accruals
    ADD CONSTRAINT accruals_pkey PRIMARY KEY (id);


--
-- Name: auth_group auth_group_name_key; Type: CONSTRAINT; Schema: public; Owner: amt_user
--

ALTER TABLE ONLY public.auth_group
    ADD CONSTRAINT auth_group_name_key UNIQUE (name);


--
-- Name: auth_group_permissions auth_group_permissions_group_id_permission_id_0cd325b0_uniq; Type: CONSTRAINT; Schema: public; Owner: amt_user
--

ALTER TABLE ONLY public.auth_group_permissions
    ADD CONSTRAINT auth_group_permissions_group_id_permission_id_0cd325b0_uniq UNIQUE (group_id, permission_id);


--
-- Name: auth_group_permissions auth_group_permissions_pkey; Type: CONSTRAINT; Schema: public; Owner: amt_user
--

ALTER TABLE ONLY public.auth_group_permissions
    ADD CONSTRAINT auth_group_permissions_pkey PRIMARY KEY (id);


--
-- Name: auth_group auth_group_pkey; Type: CONSTRAINT; Schema: public; Owner: amt_user
--

ALTER TABLE ONLY public.auth_group
    ADD CONSTRAINT auth_group_pkey PRIMARY KEY (id);


--
-- Name: auth_permission auth_permission_content_type_id_codename_01ab375a_uniq; Type: CONSTRAINT; Schema: public; Owner: amt_user
--

ALTER TABLE ONLY public.auth_permission
    ADD CONSTRAINT auth_permission_content_type_id_codename_01ab375a_uniq UNIQUE (content_type_id, codename);


--
-- Name: auth_permission auth_permission_pkey; Type: CONSTRAINT; Schema: public; Owner: amt_user
--

ALTER TABLE ONLY public.auth_permission
    ADD CONSTRAINT auth_permission_pkey PRIMARY KEY (id);


--
-- Name: contracts contracts_number_key; Type: CONSTRAINT; Schema: public; Owner: amt_user
--

ALTER TABLE ONLY public.contracts
    ADD CONSTRAINT contracts_number_key UNIQUE (number);


--
-- Name: contracts contracts_pkey; Type: CONSTRAINT; Schema: public; Owner: amt_user
--

ALTER TABLE ONLY public.contracts
    ADD CONSTRAINT contracts_pkey PRIMARY KEY (id);


--
-- Name: deposit_movements deposit_movements_pkey; Type: CONSTRAINT; Schema: public; Owner: amt_user
--

ALTER TABLE ONLY public.deposit_movements
    ADD CONSTRAINT deposit_movements_pkey PRIMARY KEY (id);


--
-- Name: deposits deposits_contract_id_key; Type: CONSTRAINT; Schema: public; Owner: amt_user
--

ALTER TABLE ONLY public.deposits
    ADD CONSTRAINT deposits_contract_id_key UNIQUE (contract_id);


--
-- Name: deposits deposits_pkey; Type: CONSTRAINT; Schema: public; Owner: amt_user
--

ALTER TABLE ONLY public.deposits
    ADD CONSTRAINT deposits_pkey PRIMARY KEY (id);


--
-- Name: django_admin_log django_admin_log_pkey; Type: CONSTRAINT; Schema: public; Owner: amt_user
--

ALTER TABLE ONLY public.django_admin_log
    ADD CONSTRAINT django_admin_log_pkey PRIMARY KEY (id);


--
-- Name: django_content_type django_content_type_app_label_model_76bd3d3b_uniq; Type: CONSTRAINT; Schema: public; Owner: amt_user
--

ALTER TABLE ONLY public.django_content_type
    ADD CONSTRAINT django_content_type_app_label_model_76bd3d3b_uniq UNIQUE (app_label, model);


--
-- Name: django_content_type django_content_type_pkey; Type: CONSTRAINT; Schema: public; Owner: amt_user
--

ALTER TABLE ONLY public.django_content_type
    ADD CONSTRAINT django_content_type_pkey PRIMARY KEY (id);


--
-- Name: django_migrations django_migrations_pkey; Type: CONSTRAINT; Schema: public; Owner: amt_user
--

ALTER TABLE ONLY public.django_migrations
    ADD CONSTRAINT django_migrations_pkey PRIMARY KEY (id);


--
-- Name: django_session django_session_pkey; Type: CONSTRAINT; Schema: public; Owner: amt_user
--

ALTER TABLE ONLY public.django_session
    ADD CONSTRAINT django_session_pkey PRIMARY KEY (session_key);


--
-- Name: exchange_rates exchange_rates_currency_source_date_35d8f30a_uniq; Type: CONSTRAINT; Schema: public; Owner: amt_user
--

ALTER TABLE ONLY public.exchange_rates
    ADD CONSTRAINT exchange_rates_currency_source_date_35d8f30a_uniq UNIQUE (currency, source, date);


--
-- Name: exchange_rates exchange_rates_pkey; Type: CONSTRAINT; Schema: public; Owner: amt_user
--

ALTER TABLE ONLY public.exchange_rates
    ADD CONSTRAINT exchange_rates_pkey PRIMARY KEY (id);


--
-- Name: expenses expenses_pkey; Type: CONSTRAINT; Schema: public; Owner: amt_user
--

ALTER TABLE ONLY public.expenses
    ADD CONSTRAINT expenses_pkey PRIMARY KEY (id);


--
-- Name: investor_links investor_links_investor_id_contract_id_eb2fbd2b_uniq; Type: CONSTRAINT; Schema: public; Owner: amt_user
--

ALTER TABLE ONLY public.investor_links
    ADD CONSTRAINT investor_links_investor_id_contract_id_eb2fbd2b_uniq UNIQUE (investor_id, contract_id);


--
-- Name: investor_links investor_links_investor_id_property_id_87150aaf_uniq; Type: CONSTRAINT; Schema: public; Owner: amt_user
--

ALTER TABLE ONLY public.investor_links
    ADD CONSTRAINT investor_links_investor_id_property_id_87150aaf_uniq UNIQUE (investor_id, property_id);


--
-- Name: investor_links investor_links_pkey; Type: CONSTRAINT; Schema: public; Owner: amt_user
--

ALTER TABLE ONLY public.investor_links
    ADD CONSTRAINT investor_links_pkey PRIMARY KEY (id);


--
-- Name: login_attempts login_attempts_attempt_id_key; Type: CONSTRAINT; Schema: public; Owner: amt_user
--

ALTER TABLE ONLY public.login_attempts
    ADD CONSTRAINT login_attempts_attempt_id_key UNIQUE (attempt_id);


--
-- Name: login_attempts login_attempts_pkey; Type: CONSTRAINT; Schema: public; Owner: amt_user
--

ALTER TABLE ONLY public.login_attempts
    ADD CONSTRAINT login_attempts_pkey PRIMARY KEY (id);


--
-- Name: notification_logs notification_logs_pkey; Type: CONSTRAINT; Schema: public; Owner: amt_user
--

ALTER TABLE ONLY public.notification_logs
    ADD CONSTRAINT notification_logs_pkey PRIMARY KEY (id);


--
-- Name: notification_settings notification_settings_pkey; Type: CONSTRAINT; Schema: public; Owner: amt_user
--

ALTER TABLE ONLY public.notification_settings
    ADD CONSTRAINT notification_settings_pkey PRIMARY KEY (id);


--
-- Name: payment_allocations payment_allocations_payment_id_accrual_id_c634953e_uniq; Type: CONSTRAINT; Schema: public; Owner: amt_user
--

ALTER TABLE ONLY public.payment_allocations
    ADD CONSTRAINT payment_allocations_payment_id_accrual_id_c634953e_uniq UNIQUE (payment_id, accrual_id);


--
-- Name: payment_allocations payment_allocations_pkey; Type: CONSTRAINT; Schema: public; Owner: amt_user
--

ALTER TABLE ONLY public.payment_allocations
    ADD CONSTRAINT payment_allocations_pkey PRIMARY KEY (id);


--
-- Name: payments payments_pkey; Type: CONSTRAINT; Schema: public; Owner: amt_user
--

ALTER TABLE ONLY public.payments
    ADD CONSTRAINT payments_pkey PRIMARY KEY (id);


--
-- Name: properties properties_pkey; Type: CONSTRAINT; Schema: public; Owner: amt_user
--

ALTER TABLE ONLY public.properties
    ADD CONSTRAINT properties_pkey PRIMARY KEY (id);


--
-- Name: requests requests_pkey; Type: CONSTRAINT; Schema: public; Owner: amt_user
--

ALTER TABLE ONLY public.requests
    ADD CONSTRAINT requests_pkey PRIMARY KEY (id);


--
-- Name: staff_assignments staff_assignments_pkey; Type: CONSTRAINT; Schema: public; Owner: amt_user
--

ALTER TABLE ONLY public.staff_assignments
    ADD CONSTRAINT staff_assignments_pkey PRIMARY KEY (id);


--
-- Name: staff_assignments staff_assignments_staff_id_contract_id_6ea09545_uniq; Type: CONSTRAINT; Schema: public; Owner: amt_user
--

ALTER TABLE ONLY public.staff_assignments
    ADD CONSTRAINT staff_assignments_staff_id_contract_id_6ea09545_uniq UNIQUE (staff_id, contract_id);


--
-- Name: staff_assignments staff_assignments_staff_id_counterparty_id_c96ecfbf_uniq; Type: CONSTRAINT; Schema: public; Owner: amt_user
--

ALTER TABLE ONLY public.staff_assignments
    ADD CONSTRAINT staff_assignments_staff_id_counterparty_id_c96ecfbf_uniq UNIQUE (staff_id, counterparty_id);


--
-- Name: staff_assignments staff_assignments_staff_id_property_id_83dd121f_uniq; Type: CONSTRAINT; Schema: public; Owner: amt_user
--

ALTER TABLE ONLY public.staff_assignments
    ADD CONSTRAINT staff_assignments_staff_id_property_id_83dd121f_uniq UNIQUE (staff_id, property_id);


--
-- Name: tenants tenants_phone_59d1b8c3_uniq; Type: CONSTRAINT; Schema: public; Owner: amt_user
--

ALTER TABLE ONLY public.tenants
    ADD CONSTRAINT tenants_phone_59d1b8c3_uniq UNIQUE (phone);


--
-- Name: tenants tenants_pkey; Type: CONSTRAINT; Schema: public; Owner: amt_user
--

ALTER TABLE ONLY public.tenants
    ADD CONSTRAINT tenants_pkey PRIMARY KEY (id);


--
-- Name: users_groups users_groups_pkey; Type: CONSTRAINT; Schema: public; Owner: amt_user
--

ALTER TABLE ONLY public.users_groups
    ADD CONSTRAINT users_groups_pkey PRIMARY KEY (id);


--
-- Name: users_groups users_groups_user_id_group_id_fc7788e8_uniq; Type: CONSTRAINT; Schema: public; Owner: amt_user
--

ALTER TABLE ONLY public.users_groups
    ADD CONSTRAINT users_groups_user_id_group_id_fc7788e8_uniq UNIQUE (user_id, group_id);


--
-- Name: users users_pkey; Type: CONSTRAINT; Schema: public; Owner: amt_user
--

ALTER TABLE ONLY public.users
    ADD CONSTRAINT users_pkey PRIMARY KEY (id);


--
-- Name: users_user_permissions users_user_permissions_pkey; Type: CONSTRAINT; Schema: public; Owner: amt_user
--

ALTER TABLE ONLY public.users_user_permissions
    ADD CONSTRAINT users_user_permissions_pkey PRIMARY KEY (id);


--
-- Name: users_user_permissions users_user_permissions_user_id_permission_id_3b86cbdf_uniq; Type: CONSTRAINT; Schema: public; Owner: amt_user
--

ALTER TABLE ONLY public.users_user_permissions
    ADD CONSTRAINT users_user_permissions_user_id_permission_id_3b86cbdf_uniq UNIQUE (user_id, permission_id);


--
-- Name: users users_username_key; Type: CONSTRAINT; Schema: public; Owner: amt_user
--

ALTER TABLE ONLY public.users
    ADD CONSTRAINT users_username_key UNIQUE (username);


--
-- Name: account_tra_account_9e9de9_idx; Type: INDEX; Schema: public; Owner: amt_user
--

CREATE INDEX account_tra_account_9e9de9_idx ON public.account_transactions USING btree (account_id, transaction_date);


--
-- Name: account_transactions_account_id_34ec9c62; Type: INDEX; Schema: public; Owner: amt_user
--

CREATE INDEX account_transactions_account_id_34ec9c62 ON public.account_transactions USING btree (account_id);


--
-- Name: account_transactions_created_by_id_76e8869b; Type: INDEX; Schema: public; Owner: amt_user
--

CREATE INDEX account_transactions_created_by_id_76e8869b ON public.account_transactions USING btree (created_by_id);


--
-- Name: account_transactions_related_account_id_f9d5eaab; Type: INDEX; Schema: public; Owner: amt_user
--

CREATE INDEX account_transactions_related_account_id_f9d5eaab ON public.account_transactions USING btree (related_account_id);


--
-- Name: account_transactions_related_expense_id_502f1bf6; Type: INDEX; Schema: public; Owner: amt_user
--

CREATE INDEX account_transactions_related_expense_id_502f1bf6 ON public.account_transactions USING btree (related_expense_id);


--
-- Name: account_transactions_related_payment_id_8e6fe50d; Type: INDEX; Schema: public; Owner: amt_user
--

CREATE INDEX account_transactions_related_payment_id_8e6fe50d ON public.account_transactions USING btree (related_payment_id);


--
-- Name: accounts_owner_id_5a2b5df9; Type: INDEX; Schema: public; Owner: amt_user
--

CREATE INDEX accounts_owner_id_5a2b5df9 ON public.accounts USING btree (owner_id);


--
-- Name: accruals_contrac_fa12b2_idx; Type: INDEX; Schema: public; Owner: amt_user
--

CREATE INDEX accruals_contrac_fa12b2_idx ON public.accruals USING btree (contract_id, period_start);


--
-- Name: accruals_contract_id_647afb7d; Type: INDEX; Schema: public; Owner: amt_user
--

CREATE INDEX accruals_contract_id_647afb7d ON public.accruals USING btree (contract_id);


--
-- Name: accruals_status_3e336a_idx; Type: INDEX; Schema: public; Owner: amt_user
--

CREATE INDEX accruals_status_3e336a_idx ON public.accruals USING btree (status, due_date);


--
-- Name: auth_group_name_a6ea08ec_like; Type: INDEX; Schema: public; Owner: amt_user
--

CREATE INDEX auth_group_name_a6ea08ec_like ON public.auth_group USING btree (name varchar_pattern_ops);


--
-- Name: auth_group_permissions_group_id_b120cbf9; Type: INDEX; Schema: public; Owner: amt_user
--

CREATE INDEX auth_group_permissions_group_id_b120cbf9 ON public.auth_group_permissions USING btree (group_id);


--
-- Name: auth_group_permissions_permission_id_84c5c92e; Type: INDEX; Schema: public; Owner: amt_user
--

CREATE INDEX auth_group_permissions_permission_id_84c5c92e ON public.auth_group_permissions USING btree (permission_id);


--
-- Name: auth_permission_content_type_id_2f476e4b; Type: INDEX; Schema: public; Owner: amt_user
--

CREATE INDEX auth_permission_content_type_id_2f476e4b ON public.auth_permission USING btree (content_type_id);


--
-- Name: contracts_landlord_id_13c512cc; Type: INDEX; Schema: public; Owner: amt_user
--

CREATE INDEX contracts_landlord_id_13c512cc ON public.contracts USING btree (landlord_id);


--
-- Name: contracts_number_1a629056_like; Type: INDEX; Schema: public; Owner: amt_user
--

CREATE INDEX contracts_number_1a629056_like ON public.contracts USING btree (number varchar_pattern_ops);


--
-- Name: contracts_property_id_b9954f52; Type: INDEX; Schema: public; Owner: amt_user
--

CREATE INDEX contracts_property_id_b9954f52 ON public.contracts USING btree (property_id);


--
-- Name: contracts_tenant_id_f05d2314; Type: INDEX; Schema: public; Owner: amt_user
--

CREATE INDEX contracts_tenant_id_f05d2314 ON public.contracts USING btree (tenant_id);


--
-- Name: deposit_movements_deposit_id_dffc169e; Type: INDEX; Schema: public; Owner: amt_user
--

CREATE INDEX deposit_movements_deposit_id_dffc169e ON public.deposit_movements USING btree (deposit_id);


--
-- Name: django_admin_log_content_type_id_c4bce8eb; Type: INDEX; Schema: public; Owner: amt_user
--

CREATE INDEX django_admin_log_content_type_id_c4bce8eb ON public.django_admin_log USING btree (content_type_id);


--
-- Name: django_admin_log_user_id_c564eba6; Type: INDEX; Schema: public; Owner: amt_user
--

CREATE INDEX django_admin_log_user_id_c564eba6 ON public.django_admin_log USING btree (user_id);


--
-- Name: django_session_expire_date_a5c62663; Type: INDEX; Schema: public; Owner: amt_user
--

CREATE INDEX django_session_expire_date_a5c62663 ON public.django_session USING btree (expire_date);


--
-- Name: django_session_session_key_c0390e0f_like; Type: INDEX; Schema: public; Owner: amt_user
--

CREATE INDEX django_session_session_key_c0390e0f_like ON public.django_session USING btree (session_key varchar_pattern_ops);


--
-- Name: expenses_contract_id_e135118c; Type: INDEX; Schema: public; Owner: amt_user
--

CREATE INDEX expenses_contract_id_e135118c ON public.expenses USING btree (contract_id);


--
-- Name: expenses_property_id_95dbed3f; Type: INDEX; Schema: public; Owner: amt_user
--

CREATE INDEX expenses_property_id_95dbed3f ON public.expenses USING btree (property_id);


--
-- Name: investor_links_contract_id_9fa53c21; Type: INDEX; Schema: public; Owner: amt_user
--

CREATE INDEX investor_links_contract_id_9fa53c21 ON public.investor_links USING btree (contract_id);


--
-- Name: investor_links_investor_id_c93b83c6; Type: INDEX; Schema: public; Owner: amt_user
--

CREATE INDEX investor_links_investor_id_c93b83c6 ON public.investor_links USING btree (investor_id);


--
-- Name: investor_links_property_id_a0f4ce9e; Type: INDEX; Schema: public; Owner: amt_user
--

CREATE INDEX investor_links_property_id_a0f4ce9e ON public.investor_links USING btree (property_id);


--
-- Name: login_attem_attempt_797412_idx; Type: INDEX; Schema: public; Owner: amt_user
--

CREATE INDEX login_attem_attempt_797412_idx ON public.login_attempts USING btree (attempt_id, status);


--
-- Name: login_attem_status_ea51ce_idx; Type: INDEX; Schema: public; Owner: amt_user
--

CREATE INDEX login_attem_status_ea51ce_idx ON public.login_attempts USING btree (status, expires_at);


--
-- Name: login_attem_verifie_e15f1c_idx; Type: INDEX; Schema: public; Owner: amt_user
--

CREATE INDEX login_attem_verifie_e15f1c_idx ON public.login_attempts USING btree (verified_phone, status);


--
-- Name: login_attempts_attempt_id_7503c107_like; Type: INDEX; Schema: public; Owner: amt_user
--

CREATE INDEX login_attempts_attempt_id_7503c107_like ON public.login_attempts USING btree (attempt_id varchar_pattern_ops);


--
-- Name: login_attempts_created_at_f4efc011; Type: INDEX; Schema: public; Owner: amt_user
--

CREATE INDEX login_attempts_created_at_f4efc011 ON public.login_attempts USING btree (created_at);


--
-- Name: login_attempts_expires_at_e6a556cb; Type: INDEX; Schema: public; Owner: amt_user
--

CREATE INDEX login_attempts_expires_at_e6a556cb ON public.login_attempts USING btree (expires_at);


--
-- Name: login_attempts_otp_code_07f668e5; Type: INDEX; Schema: public; Owner: amt_user
--

CREATE INDEX login_attempts_otp_code_07f668e5 ON public.login_attempts USING btree (otp_code);


--
-- Name: login_attempts_otp_code_07f668e5_like; Type: INDEX; Schema: public; Owner: amt_user
--

CREATE INDEX login_attempts_otp_code_07f668e5_like ON public.login_attempts USING btree (otp_code varchar_pattern_ops);


--
-- Name: login_attempts_status_792d779a; Type: INDEX; Schema: public; Owner: amt_user
--

CREATE INDEX login_attempts_status_792d779a ON public.login_attempts USING btree (status);


--
-- Name: login_attempts_status_792d779a_like; Type: INDEX; Schema: public; Owner: amt_user
--

CREATE INDEX login_attempts_status_792d779a_like ON public.login_attempts USING btree (status varchar_pattern_ops);


--
-- Name: login_attempts_user_id_8779072f; Type: INDEX; Schema: public; Owner: amt_user
--

CREATE INDEX login_attempts_user_id_8779072f ON public.login_attempts USING btree (user_id);


--
-- Name: login_attempts_verified_phone_16569719; Type: INDEX; Schema: public; Owner: amt_user
--

CREATE INDEX login_attempts_verified_phone_16569719 ON public.login_attempts USING btree (verified_phone);


--
-- Name: login_attempts_verified_phone_16569719_like; Type: INDEX; Schema: public; Owner: amt_user
--

CREATE INDEX login_attempts_verified_phone_16569719_like ON public.login_attempts USING btree (verified_phone varchar_pattern_ops);


--
-- Name: notificatio_accrual_aab696_idx; Type: INDEX; Schema: public; Owner: amt_user
--

CREATE INDEX notificatio_accrual_aab696_idx ON public.notification_logs USING btree (accrual_id, status);


--
-- Name: notificatio_tenant__0cc293_idx; Type: INDEX; Schema: public; Owner: amt_user
--

CREATE INDEX notificatio_tenant__0cc293_idx ON public.notification_logs USING btree (tenant_id, sent_at);


--
-- Name: notification_logs_accrual_id_8606abc8; Type: INDEX; Schema: public; Owner: amt_user
--

CREATE INDEX notification_logs_accrual_id_8606abc8 ON public.notification_logs USING btree (accrual_id);


--
-- Name: notification_logs_tenant_id_3f8f9157; Type: INDEX; Schema: public; Owner: amt_user
--

CREATE INDEX notification_logs_tenant_id_3f8f9157 ON public.notification_logs USING btree (tenant_id);


--
-- Name: payment_all_accrual_8a9594_idx; Type: INDEX; Schema: public; Owner: amt_user
--

CREATE INDEX payment_all_accrual_8a9594_idx ON public.payment_allocations USING btree (accrual_id);


--
-- Name: payment_all_payment_722e23_idx; Type: INDEX; Schema: public; Owner: amt_user
--

CREATE INDEX payment_all_payment_722e23_idx ON public.payment_allocations USING btree (payment_id);


--
-- Name: payment_allocations_accrual_id_bcf1483b; Type: INDEX; Schema: public; Owner: amt_user
--

CREATE INDEX payment_allocations_accrual_id_bcf1483b ON public.payment_allocations USING btree (accrual_id);


--
-- Name: payment_allocations_payment_id_d5a7c926; Type: INDEX; Schema: public; Owner: amt_user
--

CREATE INDEX payment_allocations_payment_id_d5a7c926 ON public.payment_allocations USING btree (payment_id);


--
-- Name: payments_account_id_a09ae359; Type: INDEX; Schema: public; Owner: amt_user
--

CREATE INDEX payments_account_id_a09ae359 ON public.payments USING btree (account_id);


--
-- Name: payments_contrac_deb047_idx; Type: INDEX; Schema: public; Owner: amt_user
--

CREATE INDEX payments_contrac_deb047_idx ON public.payments USING btree (contract_id, payment_date);


--
-- Name: payments_contract_id_fb2c72c3; Type: INDEX; Schema: public; Owner: amt_user
--

CREATE INDEX payments_contract_id_fb2c72c3 ON public.payments USING btree (contract_id);


--
-- Name: requests_assigne_815d2c_idx; Type: INDEX; Schema: public; Owner: amt_user
--

CREATE INDEX requests_assigne_815d2c_idx ON public.requests USING btree (assigned_to_id, status);


--
-- Name: requests_assigned_to_id_f1d433cb; Type: INDEX; Schema: public; Owner: amt_user
--

CREATE INDEX requests_assigned_to_id_f1d433cb ON public.requests USING btree (assigned_to_id);


--
-- Name: requests_counterparty_id_14a8cde9; Type: INDEX; Schema: public; Owner: amt_user
--

CREATE INDEX requests_counterparty_id_14a8cde9 ON public.requests USING btree (counterparty_id);


--
-- Name: requests_created_5c12b6_idx; Type: INDEX; Schema: public; Owner: amt_user
--

CREATE INDEX requests_created_5c12b6_idx ON public.requests USING btree (created_by_id, status);


--
-- Name: requests_created_by_id_e97b8e2e; Type: INDEX; Schema: public; Owner: amt_user
--

CREATE INDEX requests_created_by_id_e97b8e2e ON public.requests USING btree (created_by_id);


--
-- Name: requests_related_contract_id_842ab683; Type: INDEX; Schema: public; Owner: amt_user
--

CREATE INDEX requests_related_contract_id_842ab683 ON public.requests USING btree (related_contract_id);


--
-- Name: requests_related_property_id_cb78b4c5; Type: INDEX; Schema: public; Owner: amt_user
--

CREATE INDEX requests_related_property_id_cb78b4c5 ON public.requests USING btree (related_property_id);


--
-- Name: requests_status_e58b13_idx; Type: INDEX; Schema: public; Owner: amt_user
--

CREATE INDEX requests_status_e58b13_idx ON public.requests USING btree (status, created_at);


--
-- Name: staff_assignments_contract_id_aca0c2b7; Type: INDEX; Schema: public; Owner: amt_user
--

CREATE INDEX staff_assignments_contract_id_aca0c2b7 ON public.staff_assignments USING btree (contract_id);


--
-- Name: staff_assignments_counterparty_id_a5891069; Type: INDEX; Schema: public; Owner: amt_user
--

CREATE INDEX staff_assignments_counterparty_id_a5891069 ON public.staff_assignments USING btree (counterparty_id);


--
-- Name: staff_assignments_property_id_0c1b6be8; Type: INDEX; Schema: public; Owner: amt_user
--

CREATE INDEX staff_assignments_property_id_0c1b6be8 ON public.staff_assignments USING btree (property_id);


--
-- Name: staff_assignments_staff_id_7432dc25; Type: INDEX; Schema: public; Owner: amt_user
--

CREATE INDEX staff_assignments_staff_id_7432dc25 ON public.staff_assignments USING btree (staff_id);


--
-- Name: tenants_phone_59d1b8c3_like; Type: INDEX; Schema: public; Owner: amt_user
--

CREATE INDEX tenants_phone_59d1b8c3_like ON public.tenants USING btree (phone varchar_pattern_ops);


--
-- Name: users_counterparty_id_a9fd1381; Type: INDEX; Schema: public; Owner: amt_user
--

CREATE INDEX users_counterparty_id_a9fd1381 ON public.users USING btree (counterparty_id);


--
-- Name: users_groups_group_id_2f3517aa; Type: INDEX; Schema: public; Owner: amt_user
--

CREATE INDEX users_groups_group_id_2f3517aa ON public.users_groups USING btree (group_id);


--
-- Name: users_groups_user_id_f500bee5; Type: INDEX; Schema: public; Owner: amt_user
--

CREATE INDEX users_groups_user_id_f500bee5 ON public.users_groups USING btree (user_id);


--
-- Name: users_user_permissions_permission_id_6d08dcd2; Type: INDEX; Schema: public; Owner: amt_user
--

CREATE INDEX users_user_permissions_permission_id_6d08dcd2 ON public.users_user_permissions USING btree (permission_id);


--
-- Name: users_user_permissions_user_id_92473840; Type: INDEX; Schema: public; Owner: amt_user
--

CREATE INDEX users_user_permissions_user_id_92473840 ON public.users_user_permissions USING btree (user_id);


--
-- Name: users_username_e8658fc8_like; Type: INDEX; Schema: public; Owner: amt_user
--

CREATE INDEX users_username_e8658fc8_like ON public.users USING btree (username varchar_pattern_ops);


--
-- Name: account_transactions account_transactions_account_id_34ec9c62_fk_accounts_id; Type: FK CONSTRAINT; Schema: public; Owner: amt_user
--

ALTER TABLE ONLY public.account_transactions
    ADD CONSTRAINT account_transactions_account_id_34ec9c62_fk_accounts_id FOREIGN KEY (account_id) REFERENCES public.accounts(id) DEFERRABLE INITIALLY DEFERRED;


--
-- Name: account_transactions account_transactions_created_by_id_76e8869b_fk_users_id; Type: FK CONSTRAINT; Schema: public; Owner: amt_user
--

ALTER TABLE ONLY public.account_transactions
    ADD CONSTRAINT account_transactions_created_by_id_76e8869b_fk_users_id FOREIGN KEY (created_by_id) REFERENCES public.users(id) DEFERRABLE INITIALLY DEFERRED;


--
-- Name: account_transactions account_transactions_related_account_id_f9d5eaab_fk_accounts_id; Type: FK CONSTRAINT; Schema: public; Owner: amt_user
--

ALTER TABLE ONLY public.account_transactions
    ADD CONSTRAINT account_transactions_related_account_id_f9d5eaab_fk_accounts_id FOREIGN KEY (related_account_id) REFERENCES public.accounts(id) DEFERRABLE INITIALLY DEFERRED;


--
-- Name: account_transactions account_transactions_related_expense_id_502f1bf6_fk_expenses_id; Type: FK CONSTRAINT; Schema: public; Owner: amt_user
--

ALTER TABLE ONLY public.account_transactions
    ADD CONSTRAINT account_transactions_related_expense_id_502f1bf6_fk_expenses_id FOREIGN KEY (related_expense_id) REFERENCES public.expenses(id) DEFERRABLE INITIALLY DEFERRED;


--
-- Name: account_transactions account_transactions_related_payment_id_8e6fe50d_fk_payments_id; Type: FK CONSTRAINT; Schema: public; Owner: amt_user
--

ALTER TABLE ONLY public.account_transactions
    ADD CONSTRAINT account_transactions_related_payment_id_8e6fe50d_fk_payments_id FOREIGN KEY (related_payment_id) REFERENCES public.payments(id) DEFERRABLE INITIALLY DEFERRED;


--
-- Name: accounts accounts_owner_id_5a2b5df9_fk_tenants_id; Type: FK CONSTRAINT; Schema: public; Owner: amt_user
--

ALTER TABLE ONLY public.accounts
    ADD CONSTRAINT accounts_owner_id_5a2b5df9_fk_tenants_id FOREIGN KEY (owner_id) REFERENCES public.tenants(id) DEFERRABLE INITIALLY DEFERRED;


--
-- Name: accruals accruals_contract_id_647afb7d_fk_contracts_id; Type: FK CONSTRAINT; Schema: public; Owner: amt_user
--

ALTER TABLE ONLY public.accruals
    ADD CONSTRAINT accruals_contract_id_647afb7d_fk_contracts_id FOREIGN KEY (contract_id) REFERENCES public.contracts(id) DEFERRABLE INITIALLY DEFERRED;


--
-- Name: auth_group_permissions auth_group_permissio_permission_id_84c5c92e_fk_auth_perm; Type: FK CONSTRAINT; Schema: public; Owner: amt_user
--

ALTER TABLE ONLY public.auth_group_permissions
    ADD CONSTRAINT auth_group_permissio_permission_id_84c5c92e_fk_auth_perm FOREIGN KEY (permission_id) REFERENCES public.auth_permission(id) DEFERRABLE INITIALLY DEFERRED;


--
-- Name: auth_group_permissions auth_group_permissions_group_id_b120cbf9_fk_auth_group_id; Type: FK CONSTRAINT; Schema: public; Owner: amt_user
--

ALTER TABLE ONLY public.auth_group_permissions
    ADD CONSTRAINT auth_group_permissions_group_id_b120cbf9_fk_auth_group_id FOREIGN KEY (group_id) REFERENCES public.auth_group(id) DEFERRABLE INITIALLY DEFERRED;


--
-- Name: auth_permission auth_permission_content_type_id_2f476e4b_fk_django_co; Type: FK CONSTRAINT; Schema: public; Owner: amt_user
--

ALTER TABLE ONLY public.auth_permission
    ADD CONSTRAINT auth_permission_content_type_id_2f476e4b_fk_django_co FOREIGN KEY (content_type_id) REFERENCES public.django_content_type(id) DEFERRABLE INITIALLY DEFERRED;


--
-- Name: contracts contracts_landlord_id_13c512cc_fk_tenants_id; Type: FK CONSTRAINT; Schema: public; Owner: amt_user
--

ALTER TABLE ONLY public.contracts
    ADD CONSTRAINT contracts_landlord_id_13c512cc_fk_tenants_id FOREIGN KEY (landlord_id) REFERENCES public.tenants(id) DEFERRABLE INITIALLY DEFERRED;


--
-- Name: contracts contracts_property_id_b9954f52_fk_properties_id; Type: FK CONSTRAINT; Schema: public; Owner: amt_user
--

ALTER TABLE ONLY public.contracts
    ADD CONSTRAINT contracts_property_id_b9954f52_fk_properties_id FOREIGN KEY (property_id) REFERENCES public.properties(id) DEFERRABLE INITIALLY DEFERRED;


--
-- Name: contracts contracts_tenant_id_f05d2314_fk_tenants_id; Type: FK CONSTRAINT; Schema: public; Owner: amt_user
--

ALTER TABLE ONLY public.contracts
    ADD CONSTRAINT contracts_tenant_id_f05d2314_fk_tenants_id FOREIGN KEY (tenant_id) REFERENCES public.tenants(id) DEFERRABLE INITIALLY DEFERRED;


--
-- Name: deposit_movements deposit_movements_deposit_id_dffc169e_fk_deposits_id; Type: FK CONSTRAINT; Schema: public; Owner: amt_user
--

ALTER TABLE ONLY public.deposit_movements
    ADD CONSTRAINT deposit_movements_deposit_id_dffc169e_fk_deposits_id FOREIGN KEY (deposit_id) REFERENCES public.deposits(id) DEFERRABLE INITIALLY DEFERRED;


--
-- Name: deposits deposits_contract_id_083ab3af_fk_contracts_id; Type: FK CONSTRAINT; Schema: public; Owner: amt_user
--

ALTER TABLE ONLY public.deposits
    ADD CONSTRAINT deposits_contract_id_083ab3af_fk_contracts_id FOREIGN KEY (contract_id) REFERENCES public.contracts(id) DEFERRABLE INITIALLY DEFERRED;


--
-- Name: django_admin_log django_admin_log_content_type_id_c4bce8eb_fk_django_co; Type: FK CONSTRAINT; Schema: public; Owner: amt_user
--

ALTER TABLE ONLY public.django_admin_log
    ADD CONSTRAINT django_admin_log_content_type_id_c4bce8eb_fk_django_co FOREIGN KEY (content_type_id) REFERENCES public.django_content_type(id) DEFERRABLE INITIALLY DEFERRED;


--
-- Name: django_admin_log django_admin_log_user_id_c564eba6_fk_users_id; Type: FK CONSTRAINT; Schema: public; Owner: amt_user
--

ALTER TABLE ONLY public.django_admin_log
    ADD CONSTRAINT django_admin_log_user_id_c564eba6_fk_users_id FOREIGN KEY (user_id) REFERENCES public.users(id) DEFERRABLE INITIALLY DEFERRED;


--
-- Name: expenses expenses_contract_id_e135118c_fk_contracts_id; Type: FK CONSTRAINT; Schema: public; Owner: amt_user
--

ALTER TABLE ONLY public.expenses
    ADD CONSTRAINT expenses_contract_id_e135118c_fk_contracts_id FOREIGN KEY (contract_id) REFERENCES public.contracts(id) DEFERRABLE INITIALLY DEFERRED;


--
-- Name: expenses expenses_property_id_95dbed3f_fk_properties_id; Type: FK CONSTRAINT; Schema: public; Owner: amt_user
--

ALTER TABLE ONLY public.expenses
    ADD CONSTRAINT expenses_property_id_95dbed3f_fk_properties_id FOREIGN KEY (property_id) REFERENCES public.properties(id) DEFERRABLE INITIALLY DEFERRED;


--
-- Name: investor_links investor_links_contract_id_9fa53c21_fk_contracts_id; Type: FK CONSTRAINT; Schema: public; Owner: amt_user
--

ALTER TABLE ONLY public.investor_links
    ADD CONSTRAINT investor_links_contract_id_9fa53c21_fk_contracts_id FOREIGN KEY (contract_id) REFERENCES public.contracts(id) DEFERRABLE INITIALLY DEFERRED;


--
-- Name: investor_links investor_links_investor_id_c93b83c6_fk_tenants_id; Type: FK CONSTRAINT; Schema: public; Owner: amt_user
--

ALTER TABLE ONLY public.investor_links
    ADD CONSTRAINT investor_links_investor_id_c93b83c6_fk_tenants_id FOREIGN KEY (investor_id) REFERENCES public.tenants(id) DEFERRABLE INITIALLY DEFERRED;


--
-- Name: investor_links investor_links_property_id_a0f4ce9e_fk_properties_id; Type: FK CONSTRAINT; Schema: public; Owner: amt_user
--

ALTER TABLE ONLY public.investor_links
    ADD CONSTRAINT investor_links_property_id_a0f4ce9e_fk_properties_id FOREIGN KEY (property_id) REFERENCES public.properties(id) DEFERRABLE INITIALLY DEFERRED;


--
-- Name: login_attempts login_attempts_user_id_8779072f_fk_users_id; Type: FK CONSTRAINT; Schema: public; Owner: amt_user
--

ALTER TABLE ONLY public.login_attempts
    ADD CONSTRAINT login_attempts_user_id_8779072f_fk_users_id FOREIGN KEY (user_id) REFERENCES public.users(id) DEFERRABLE INITIALLY DEFERRED;


--
-- Name: notification_logs notification_logs_accrual_id_8606abc8_fk_accruals_id; Type: FK CONSTRAINT; Schema: public; Owner: amt_user
--

ALTER TABLE ONLY public.notification_logs
    ADD CONSTRAINT notification_logs_accrual_id_8606abc8_fk_accruals_id FOREIGN KEY (accrual_id) REFERENCES public.accruals(id) DEFERRABLE INITIALLY DEFERRED;


--
-- Name: notification_logs notification_logs_tenant_id_3f8f9157_fk_tenants_id; Type: FK CONSTRAINT; Schema: public; Owner: amt_user
--

ALTER TABLE ONLY public.notification_logs
    ADD CONSTRAINT notification_logs_tenant_id_3f8f9157_fk_tenants_id FOREIGN KEY (tenant_id) REFERENCES public.tenants(id) DEFERRABLE INITIALLY DEFERRED;


--
-- Name: payment_allocations payment_allocations_accrual_id_bcf1483b_fk_accruals_id; Type: FK CONSTRAINT; Schema: public; Owner: amt_user
--

ALTER TABLE ONLY public.payment_allocations
    ADD CONSTRAINT payment_allocations_accrual_id_bcf1483b_fk_accruals_id FOREIGN KEY (accrual_id) REFERENCES public.accruals(id) DEFERRABLE INITIALLY DEFERRED;


--
-- Name: payment_allocations payment_allocations_payment_id_d5a7c926_fk_payments_id; Type: FK CONSTRAINT; Schema: public; Owner: amt_user
--

ALTER TABLE ONLY public.payment_allocations
    ADD CONSTRAINT payment_allocations_payment_id_d5a7c926_fk_payments_id FOREIGN KEY (payment_id) REFERENCES public.payments(id) DEFERRABLE INITIALLY DEFERRED;


--
-- Name: payments payments_account_id_a09ae359_fk_accounts_id; Type: FK CONSTRAINT; Schema: public; Owner: amt_user
--

ALTER TABLE ONLY public.payments
    ADD CONSTRAINT payments_account_id_a09ae359_fk_accounts_id FOREIGN KEY (account_id) REFERENCES public.accounts(id) DEFERRABLE INITIALLY DEFERRED;


--
-- Name: payments payments_contract_id_fb2c72c3_fk_contracts_id; Type: FK CONSTRAINT; Schema: public; Owner: amt_user
--

ALTER TABLE ONLY public.payments
    ADD CONSTRAINT payments_contract_id_fb2c72c3_fk_contracts_id FOREIGN KEY (contract_id) REFERENCES public.contracts(id) DEFERRABLE INITIALLY DEFERRED;


--
-- Name: requests requests_assigned_to_id_f1d433cb_fk_users_id; Type: FK CONSTRAINT; Schema: public; Owner: amt_user
--

ALTER TABLE ONLY public.requests
    ADD CONSTRAINT requests_assigned_to_id_f1d433cb_fk_users_id FOREIGN KEY (assigned_to_id) REFERENCES public.users(id) DEFERRABLE INITIALLY DEFERRED;


--
-- Name: requests requests_counterparty_id_14a8cde9_fk_tenants_id; Type: FK CONSTRAINT; Schema: public; Owner: amt_user
--

ALTER TABLE ONLY public.requests
    ADD CONSTRAINT requests_counterparty_id_14a8cde9_fk_tenants_id FOREIGN KEY (counterparty_id) REFERENCES public.tenants(id) DEFERRABLE INITIALLY DEFERRED;


--
-- Name: requests requests_created_by_id_e97b8e2e_fk_users_id; Type: FK CONSTRAINT; Schema: public; Owner: amt_user
--

ALTER TABLE ONLY public.requests
    ADD CONSTRAINT requests_created_by_id_e97b8e2e_fk_users_id FOREIGN KEY (created_by_id) REFERENCES public.users(id) DEFERRABLE INITIALLY DEFERRED;


--
-- Name: requests requests_related_contract_id_842ab683_fk_contracts_id; Type: FK CONSTRAINT; Schema: public; Owner: amt_user
--

ALTER TABLE ONLY public.requests
    ADD CONSTRAINT requests_related_contract_id_842ab683_fk_contracts_id FOREIGN KEY (related_contract_id) REFERENCES public.contracts(id) DEFERRABLE INITIALLY DEFERRED;


--
-- Name: requests requests_related_property_id_cb78b4c5_fk_properties_id; Type: FK CONSTRAINT; Schema: public; Owner: amt_user
--

ALTER TABLE ONLY public.requests
    ADD CONSTRAINT requests_related_property_id_cb78b4c5_fk_properties_id FOREIGN KEY (related_property_id) REFERENCES public.properties(id) DEFERRABLE INITIALLY DEFERRED;


--
-- Name: staff_assignments staff_assignments_contract_id_aca0c2b7_fk_contracts_id; Type: FK CONSTRAINT; Schema: public; Owner: amt_user
--

ALTER TABLE ONLY public.staff_assignments
    ADD CONSTRAINT staff_assignments_contract_id_aca0c2b7_fk_contracts_id FOREIGN KEY (contract_id) REFERENCES public.contracts(id) DEFERRABLE INITIALLY DEFERRED;


--
-- Name: staff_assignments staff_assignments_counterparty_id_a5891069_fk_tenants_id; Type: FK CONSTRAINT; Schema: public; Owner: amt_user
--

ALTER TABLE ONLY public.staff_assignments
    ADD CONSTRAINT staff_assignments_counterparty_id_a5891069_fk_tenants_id FOREIGN KEY (counterparty_id) REFERENCES public.tenants(id) DEFERRABLE INITIALLY DEFERRED;


--
-- Name: staff_assignments staff_assignments_property_id_0c1b6be8_fk_properties_id; Type: FK CONSTRAINT; Schema: public; Owner: amt_user
--

ALTER TABLE ONLY public.staff_assignments
    ADD CONSTRAINT staff_assignments_property_id_0c1b6be8_fk_properties_id FOREIGN KEY (property_id) REFERENCES public.properties(id) DEFERRABLE INITIALLY DEFERRED;


--
-- Name: staff_assignments staff_assignments_staff_id_7432dc25_fk_users_id; Type: FK CONSTRAINT; Schema: public; Owner: amt_user
--

ALTER TABLE ONLY public.staff_assignments
    ADD CONSTRAINT staff_assignments_staff_id_7432dc25_fk_users_id FOREIGN KEY (staff_id) REFERENCES public.users(id) DEFERRABLE INITIALLY DEFERRED;


--
-- Name: users users_counterparty_id_a9fd1381_fk_tenants_id; Type: FK CONSTRAINT; Schema: public; Owner: amt_user
--

ALTER TABLE ONLY public.users
    ADD CONSTRAINT users_counterparty_id_a9fd1381_fk_tenants_id FOREIGN KEY (counterparty_id) REFERENCES public.tenants(id) DEFERRABLE INITIALLY DEFERRED;


--
-- Name: users_groups users_groups_group_id_2f3517aa_fk_auth_group_id; Type: FK CONSTRAINT; Schema: public; Owner: amt_user
--

ALTER TABLE ONLY public.users_groups
    ADD CONSTRAINT users_groups_group_id_2f3517aa_fk_auth_group_id FOREIGN KEY (group_id) REFERENCES public.auth_group(id) DEFERRABLE INITIALLY DEFERRED;


--
-- Name: users_groups users_groups_user_id_f500bee5_fk_users_id; Type: FK CONSTRAINT; Schema: public; Owner: amt_user
--

ALTER TABLE ONLY public.users_groups
    ADD CONSTRAINT users_groups_user_id_f500bee5_fk_users_id FOREIGN KEY (user_id) REFERENCES public.users(id) DEFERRABLE INITIALLY DEFERRED;


--
-- Name: users_user_permissions users_user_permissio_permission_id_6d08dcd2_fk_auth_perm; Type: FK CONSTRAINT; Schema: public; Owner: amt_user
--

ALTER TABLE ONLY public.users_user_permissions
    ADD CONSTRAINT users_user_permissio_permission_id_6d08dcd2_fk_auth_perm FOREIGN KEY (permission_id) REFERENCES public.auth_permission(id) DEFERRABLE INITIALLY DEFERRED;


--
-- Name: users_user_permissions users_user_permissions_user_id_92473840_fk_users_id; Type: FK CONSTRAINT; Schema: public; Owner: amt_user
--

ALTER TABLE ONLY public.users_user_permissions
    ADD CONSTRAINT users_user_permissions_user_id_92473840_fk_users_id FOREIGN KEY (user_id) REFERENCES public.users(id) DEFERRABLE INITIALLY DEFERRED;


--
-- PostgreSQL database dump complete
--

\unrestrict relIS5OVuC5yLoJbvdJI8vKM6WriCM8hK4Yq7PdBItNkBGZAUflEwP55cHTa5DQ

